Product Name,images
 SONA MEAT MASALA 48,['https://via.placeholder.com/400x400?text=No+Image']
2KG RIDDHI SIDDHI RICE,['https://via.placeholder.com/400x400?text=No+Image']
777 NAPHTHALENE BALL,['https://via.placeholder.com/400x400?text=No+Image']
AAHRAM RED RICE 26KG,['https://via.placeholder.com/400x400?text=No+Image']
AGNI SAMBRANI,['https://via.placeholder.com/400x400?text=No+Image']
AHRAM GREEN RICE 26KG,['https://via.placeholder.com/400x400?text=No+Image']
AJANTA BAKING POWDER 100GM,['https://via.placeholder.com/400x400?text=No+Image']
ALMOND CORN 168G MRP 99,['https://via.placeholder.com/400x400?text=No+Image']
ALMONDBAR CHOCOLATE 35GM MRP 35,['https://via.placeholder.com/400x400?text=No+Image']
ALOEVERA SHOP 150GM,['https://via.placeholder.com/400x400?text=No+Image']
ALPINE TEA 250GM,['https://via.placeholder.com/400x400?text=No+Image']
AMBPR AIR EJ MRP 299,['https://via.placeholder.com/400x400?text=No+Image']
AMBPR AIR LB MRP 299,['https://via.placeholder.com/400x400?text=No+Image']
AMBPR AIR R&B MRP 299,['https://via.placeholder.com/400x400?text=No+Image']
AMBPR AIR SB MRP 299,['https://via.placeholder.com/400x400?text=No+Image']
AMLA H OIL 45ML MRP20,['https://via.placeholder.com/400x400?text=No+Image']
AMUL ALPHONSO MANGO MRP20,['https://via.placeholder.com/400x400?text=No+Image']
AMUL AMERICAN 25ML,['https://via.placeholder.com/400x400?text=No+Image']
AMUL BUTTER MRP 60,['https://via.placeholder.com/400x400?text=No+Image']
AMUL BUTTERSCOTCH GOLD MRP260,['https://via.placeholder.com/400x400?text=No+Image']
AMUL GOLD 500ML,['https://via.placeholder.com/400x400?text=No+Image']
AMUL IC CUP AFGHAN DRY FRUITS 100ML,['https://via.placeholder.com/400x400?text=No+Image']
AMUL IC JUMBO CUP COOKIE N CR 125ML,['https://via.placeholder.com/400x400?text=No+Image']
AMUL IC STK KM MANGO DUETZ 60ML,['https://via.placeholder.com/400x400?text=No+Image']
AMUL LASSI 250ML,['https://via.placeholder.com/400x400?text=No+Image']
AMUL MITHAI MATE 200GM,['https://via.placeholder.com/400x400?text=No+Image']
AMUL PEANUT BUTTER 300GM,['https://via.placeholder.com/400x400?text=No+Image']
AMUL PROB CHOCOBAR 30ML,['https://via.placeholder.com/400x400?text=No+Image']
AMUL SPRAY 200G,['https://via.placeholder.com/400x400?text=No+Image']
AMUL VANILAMAGIC MRP195,['https://via.placeholder.com/400x400?text=No+Image']
AMUL VANILLA 55ML RS10,['https://via.placeholder.com/400x400?text=No+Image']
ANANNYA MURI,['https://via.placeholder.com/400x400?text=No+Image']
ANARKALI KISHMISH 500GM,['https://via.placeholder.com/400x400?text=No+Image']
ANNAPURNA 50ML MRP 46,['https://via.placeholder.com/400x400?text=No+Image']
ANNAPURNA GHEE 1LTR,['https://via.placeholder.com/400x400?text=No+Image']
ANNAPURNA GHEE 500ML MRP 418,['https://via.placeholder.com/400x400?text=No+Image']
ANNAPURNA MIXED FRUIT JAM 100GM,['https://via.placeholder.com/400x400?text=No+Image']
ANNAPURNA ORNG SQUACE,['https://via.placeholder.com/400x400?text=No+Image']
ANUPAM MUSTURD OIL 1LTR,['https://via.placeholder.com/400x400?text=No+Image']
APPALAM PAPAD,['https://via.placeholder.com/400x400?text=No+Image']
APPUJEE ATTA 5 KG,['https://via.placeholder.com/400x400?text=No+Image']
APPUJEE SOOJI 250GM,['https://via.placeholder.com/400x400?text=No+Image']
APSARA BIG ERASER,['https://via.placeholder.com/400x400?text=No+Image']
APSARA SMALL ERASER,['https://via.placeholder.com/400x400?text=No+Image']
APUJI ATTA,['https://via.placeholder.com/400x400?text=No+Image']
ARHAM RICE 26KG,['https://via.placeholder.com/400x400?text=No+Image']
ARHAM RICE 2KG,['https://via.placeholder.com/400x400?text=No+Image']
ARIEL LIQ1L POUCH FL A MRP 199,['https://via.placeholder.com/400x400?text=No+Image']
ARIEL PERFECTWASH MRP10,['https://via.placeholder.com/400x400?text=No+Image']
ARIEL PW BLUE 1G MRP 130,['https://via.placeholder.com/400x400?text=No+Image']
ARIEL PW BLUE 500G MRP 65,['https://via.placeholder.com/400x400?text=No+Image']
AROMA COW GHEE 100ML MRP 85,['https://via.placeholder.com/400x400?text=No+Image']
ASHIRBAAD AATA. 5KG,['https://via.placeholder.com/400x400?text=No+Image']
ASHIRVAAD ATA 2KG MRP117,['https://via.placeholder.com/400x400?text=No+Image']
ASHIRVAAD ATTA 1KG,['https://via.placeholder.com/400x400?text=No+Image']
ASHIRVAAD WHITE ATTA 1KG,['https://via.placeholder.com/400x400?text=No+Image']
AYNA DETERGENT POWDER 400GM,['https://via.placeholder.com/400x400?text=No+Image']
BABY CREAM 100G MRP.190,['https://via.placeholder.com/400x400?text=No+Image']
BABY CREAM 100ML MRP200,['https://via.placeholder.com/400x400?text=No+Image']
BABY CREAM 200G MRP.400,['https://via.placeholder.com/400x400?text=No+Image']
BABY CREAM 200ML MRP310,['https://via.placeholder.com/400x400?text=No+Image']
BABY CREAM 30G MRP.65,['https://via.placeholder.com/400x400?text=No+Image']
BABY GIFT SET 7'S MRP690,['https://via.placeholder.com/400x400?text=No+Image']
BABY GIFT SET S'3 MRP190,['https://via.placeholder.com/400x400?text=No+Image']
BABY H OIL 100ML MRP160,['https://via.placeholder.com/400x400?text=No+Image']
BABY H OIL 200ML MRP275,['https://via.placeholder.com/400x400?text=No+Image']
BABY LOTION 100ML MRP115,['https://via.placeholder.com/400x400?text=No+Image']
BABY LOTION 200ML MRP210,['https://via.placeholder.com/400x400?text=No+Image']
BABY M OIL 100ML MRP140,['https://via.placeholder.com/400x400?text=No+Image']
BABY OIL 200 ML MRP250,['https://via.placeholder.com/400x400?text=No+Image']
BABY POWDER 50GM MRP60,['https://via.placeholder.com/400x400?text=No+Image']
BABY SHAMPOO 200ML MRP220,['https://via.placeholder.com/400x400?text=No+Image']
BABY SISHU WIPES 72'S MRP99,['https://via.placeholder.com/400x400?text=No+Image']
BABY WASH 100ML MRP115,['https://via.placeholder.com/400x400?text=No+Image']
BABY WASH 200ML MRP200,['https://via.placeholder.com/400x400?text=No+Image']
BABY WIPES 72'S MRP200,['https://via.placeholder.com/400x400?text=No+Image']
BADAAM 500G,['https://via.placeholder.com/400x400?text=No+Image']
BADAM 70GM,['https://via.placeholder.com/400x400?text=No+Image']
BAJAJ ALMOND HAIR OIL 114ML,['https://via.placeholder.com/400x400?text=No+Image']
BAJAJ ALMOND HAIR OIL 190ML,['https://via.placeholder.com/400x400?text=No+Image']
BAJAJ ALMOND HAIR OIL 285ML,['https://via.placeholder.com/400x400?text=No+Image']
BAJAJ ALMOND HAIR OIL 475ML,['https://via.placeholder.com/400x400?text=No+Image']
BAJAJ ALMOND HAIR OIL 49.5ML,['https://via.placeholder.com/400x400?text=No+Image']
BAJAJ COCUNUT OIL 175ML,['https://via.placeholder.com/400x400?text=No+Image']
BAKERY BISCUIT MRP110,['https://via.placeholder.com/400x400?text=No+Image']
BAKERY BISCUIT MRP60,['https://via.placeholder.com/400x400?text=No+Image']
BARTHROOM 250ML MRP61,['https://via.placeholder.com/400x400?text=No+Image']
BASUNDI 250ML,['https://via.placeholder.com/400x400?text=No+Image']
BATH TISSUES MRP30,['https://via.placeholder.com/400x400?text=No+Image']
BATHROOM 500ML MRP115,['https://via.placeholder.com/400x400?text=No+Image']
BHARAT VASI AGARBATTI,['https://via.placeholder.com/400x400?text=No+Image']
BHOGALI JALPAN BASEN 500GM,['https://via.placeholder.com/400x400?text=No+Image']
BHOOT JOLOKIA ACHR,['https://via.placeholder.com/400x400?text=No+Image']
BIEACHING POWDER BENGAL 500G,['https://via.placeholder.com/400x400?text=No+Image']
BIG DISPOSABLE BATTI,['https://via.placeholder.com/400x400?text=No+Image']
BIKAJI ALOO BHUJIA 200GM MRP 62,['https://via.placeholder.com/400x400?text=No+Image']
BIKAJI BAAT CHEET 250GM,['https://via.placeholder.com/400x400?text=No+Image']
BIKAJI BHUJIA 200GM MRP 62,['https://via.placeholder.com/400x400?text=No+Image']
BIKAJI BHUJIA MRP62,['https://via.placeholder.com/400x400?text=No+Image']
BIKAJI KUCH KUCH MRP 62,['https://via.placeholder.com/400x400?text=No+Image']
BIKAJI MOONG DALL 200GM MRP 62,['https://via.placeholder.com/400x400?text=No+Image']
BIKAJI PANEER BHUIJA 175GM,['https://via.placeholder.com/400x400?text=No+Image']
BIKAJI RUSK TOAST MRP10,['https://via.placeholder.com/400x400?text=No+Image']
BIKAJI TANA BANA 200GM MRP62,['https://via.placeholder.com/400x400?text=No+Image']
BLUE PANTS ECON LG MRP 199,['https://via.placeholder.com/400x400?text=No+Image']
BLUE PANTS ECONS MD MRP 199,['https://via.placeholder.com/400x400?text=No+Image']
BLUE PANTS ECONS SM MRP 199,['https://via.placeholder.com/400x400?text=No+Image']
BLUE PANTS ECONS XXL MRP 299,['https://via.placeholder.com/400x400?text=No+Image']
BLUE PANTS JUMBO NEW L MRP 699,['https://via.placeholder.com/400x400?text=No+Image']
BLUE PANTS JUMBO NEW MD MRP 699,['https://via.placeholder.com/400x400?text=No+Image']
BLUE PANTS JUMBO NEW SM MRP 699,['https://via.placeholder.com/400x400?text=No+Image']
BLUE PANTS JUMBO NEW XL MRP 699,['https://via.placeholder.com/400x400?text=No+Image']
BLUE PANTS JUMBO NEW XLL MRP 699,['https://via.placeholder.com/400x400?text=No+Image']
BLUE PANTS REGS MD MRP 99,['https://via.placeholder.com/400x400?text=No+Image']
BLUE PANTS REGS NB MRP 99,['https://via.placeholder.com/400x400?text=No+Image']
BLUE PANTS REGS SM MRP 99,['https://via.placeholder.com/400x400?text=No+Image']
BLUE PANTS REGS XL MRP 159,['https://via.placeholder.com/400x400?text=No+Image']
BLUE PANTS SUPAR SAVER SM MRP 999,['https://via.placeholder.com/400x400?text=No+Image']
BLUE PANTS VALUE LG MRP 399,['https://via.placeholder.com/400x400?text=No+Image']
BLUE PANTS VALUE MD MRP399,['https://via.placeholder.com/400x400?text=No+Image']
BNT KASISMIS 30 GM,['https://via.placeholder.com/400x400?text=No+Image']
BODY P.C BLEU 120ML MRP275,['https://via.placeholder.com/400x400?text=No+Image']
BODY P.C CHROME 120ML MRP275,['https://via.placeholder.com/400x400?text=No+Image']
BODY P.C COPPER 120ML MRP275,['https://via.placeholder.com/400x400?text=No+Image']
BODY PERFUME CODE BLANC 120ML MRP275,['https://via.placeholder.com/400x400?text=No+Image']
BOHAGI NIMBU MRP10,['https://via.placeholder.com/400x400?text=No+Image']
BOHAGI NIMBU MRP20,['https://via.placeholder.com/400x400?text=No+Image']
BONGOL JOHA 2KG,['https://via.placeholder.com/400x400?text=No+Image']
BOURN VITA 200GM,['https://via.placeholder.com/400x400?text=No+Image']
BOURN VITA 500GM,['https://via.placeholder.com/400x400?text=No+Image']
BP INTENSE COMBO OCN+A 120ML MRP249,['https://via.placeholder.com/400x400?text=No+Image']
BP NEON 120ML MRP210,['https://via.placeholder.com/400x400?text=No+Image']
BP STORM 120ML MRP225,['https://via.placeholder.com/400x400?text=No+Image']
BRETENIA CAKE 120G MRP 30,['https://via.placeholder.com/400x400?text=No+Image']
BRITANNIA BOURBON 150GM,['https://via.placeholder.com/400x400?text=No+Image']
BRITANNIA GOL MAAL 185GM,['https://via.placeholder.com/400x400?text=No+Image']
BRITANNIA GOL MAAL BUTTER GARLIC,['https://via.placeholder.com/400x400?text=No+Image']
BRITANNIA GOOD DAY BUTTER JEERA,['https://via.placeholder.com/400x400?text=No+Image']
BRITANNIA GOOD DAY CASHEW ALMOND,['https://via.placeholder.com/400x400?text=No+Image']
BRITANNIA TOASTEA 200GM,['https://via.placeholder.com/400x400?text=No+Image']
BRITE SCRUB PAD MRP22,['https://via.placeholder.com/400x400?text=No+Image']
BROWN & PLOSON CORN FLOUR 100G,['https://via.placeholder.com/400x400?text=No+Image']
BRU PURE COFFEE 25G,['https://via.placeholder.com/400x400?text=No+Image']
BUNTY BABLI KISMIS 500GM,['https://via.placeholder.com/400x400?text=No+Image']
BUTTER BRED RUSKIT 180+20G 24]MRP 40,['https://via.placeholder.com/400x400?text=No+Image']
BUTTER SCOTCH CUP MRP20,['https://via.placeholder.com/400x400?text=No+Image']
CAC HAIR OIL 150ML,['https://via.placeholder.com/400x400?text=No+Image']
CADBURY CELEBRATIONS MRP110,['https://via.placeholder.com/400x400?text=No+Image']
CAKE RUSK 100GM 30] MRP 40,['https://via.placeholder.com/400x400?text=No+Image']
CAMEL ARTICA PLASTIC CRYONS,['https://via.placeholder.com/400x400?text=No+Image']
CAMEL OIL PASTEL MRP110,['https://via.placeholder.com/400x400?text=No+Image']
CAMEL OIL PASTEL MRP50,['https://via.placeholder.com/400x400?text=No+Image']
CAS 36G B6+1 MRP 20,['https://via.placeholder.com/400x400?text=No+Image']
CATCH BLACK SALT 200ML MRP47,['https://via.placeholder.com/400x400?text=No+Image']
CATCH HALDHI,['https://via.placeholder.com/400x400?text=No+Image']
CDC 100RL MRP 76,['https://via.placeholder.com/400x400?text=No+Image']
CDC 200RL MRP 143,['https://via.placeholder.com/400x400?text=No+Image']
CDC TP 200+100T MRP 216,['https://via.placeholder.com/400x400?text=No+Image']
CERELAC MULTIGRAIN & FRUIT,['https://via.placeholder.com/400x400?text=No+Image']
CERELAC WHEAT APPLE,['https://via.placeholder.com/400x400?text=No+Image']
CHAVI MACHIS,['https://via.placeholder.com/400x400?text=No+Image']
CHEESE MRP 85,['https://via.placeholder.com/400x400?text=No+Image']
CHINTHOL COOL MRP10,['https://via.placeholder.com/400x400?text=No+Image']
CHINTHOL GERMS MRP10,['https://via.placeholder.com/400x400?text=No+Image']
CHOCLATE CONE MRP30,['https://via.placeholder.com/400x400?text=No+Image']
CHOCLATE CUP MRP20,['https://via.placeholder.com/400x400?text=No+Image']
CHOCOBAR MRP20,['https://via.placeholder.com/400x400?text=No+Image']
CHOCOLATE HLX IRON JAR 500G,['https://via.placeholder.com/400x400?text=No+Image']
CHOCOLATE MUESLI 450G MRP399,['https://via.placeholder.com/400x400?text=No+Image']
CHOCOS FILLS 153G MRP99,['https://via.placeholder.com/400x400?text=No+Image']
CHOCOS MOONS AND STARS 360G MRP225,['https://via.placeholder.com/400x400?text=No+Image']
CHUN MUN 1 KG,['https://via.placeholder.com/400x400?text=No+Image']
CHUN MUN RICE 2 KG,['https://via.placeholder.com/400x400?text=No+Image']
CHUN MUN RICE 26KG,['https://via.placeholder.com/400x400?text=No+Image']
CIBACA 175G MRP 79,['https://via.placeholder.com/400x400?text=No+Image']
CIN COOL SOAP MRP50,['https://via.placeholder.com/400x400?text=No+Image']
CINTHOL HEALTH SOAP 100GM,['https://via.placeholder.com/400x400?text=No+Image']
CLEAN ANGEL 25ML MRP 85,['https://via.placeholder.com/400x400?text=No+Image']
CLEAN ANGEL 50ML MRP145,['https://via.placeholder.com/400x400?text=No+Image']
CLEAN WELL JARU MRP,['https://via.placeholder.com/400x400?text=No+Image']
CLEAN&CLEAR FACE WASH 20ML,['https://via.placeholder.com/400x400?text=No+Image']
CLINIC P S & L SHP 175ML,['https://via.placeholder.com/400x400?text=No+Image']
CLINIC PLUS STRENGHT & SHINE SHMP 175ML,['https://via.placeholder.com/400x400?text=No+Image']
CLINIC PLUS STRENGHT & SHINE SHMP 355ML,['https://via.placeholder.com/400x400?text=No+Image']
CLINIC PLUS STRENGHT & SHINE SHMP 80ML,['https://via.placeholder.com/400x400?text=No+Image']
CLINIC PLUS STRONG & THICK 175ML,['https://via.placeholder.com/400x400?text=No+Image']
CLINIC PLUS STRONG&LONG SHAMPOO 355ML,['https://via.placeholder.com/400x400?text=No+Image']
CLP DC NRSH HAIR OIL 100ML,['https://via.placeholder.com/400x400?text=No+Image']
CMFT FAB CON BLUE 210ML,['https://via.placeholder.com/400x400?text=No+Image']
CMFT FAB CON GREEN 860ML,['https://via.placeholder.com/400x400?text=No+Image']
CMFT FAB CON PINK 210ML,['https://via.placeholder.com/400x400?text=No+Image']
CMFT FAB CONDITIONER 850ML MRP 245,['https://via.placeholder.com/400x400?text=No+Image']
CN MINI COLOUR NO3 MRP99,['https://via.placeholder.com/400x400?text=No+Image']
CN MINI NO1 MRP99,['https://via.placeholder.com/400x400?text=No+Image']
CN MINI NO3.16 MRP99,['https://via.placeholder.com/400x400?text=No+Image']
COBRA MOSQUITO COIL,['https://via.placeholder.com/400x400?text=No+Image']
COCA COLA 250ML MRP20,['https://via.placeholder.com/400x400?text=No+Image']
COCA'COLA 2.25L MRP100,['https://via.placeholder.com/400x400?text=No+Image']
COCA'COLA 75ML MRP40,['https://via.placeholder.com/400x400?text=No+Image']
COCO MALAI 200GM 30]MRP 30,['https://via.placeholder.com/400x400?text=No+Image']
COCONUT LADDOO 300GM,['https://via.placeholder.com/400x400?text=No+Image']
COL ACTSALT 100G MRP 84,['https://via.placeholder.com/400x400?text=No+Image']
COL ACTSALT 200G MRP 149,['https://via.placeholder.com/400x400?text=No+Image']
COLGATE GENTLE SENSETIVE MRP 65,['https://via.placeholder.com/400x400?text=No+Image']
COLGATE ZIGZAG MRP30,['https://via.placeholder.com/400x400?text=No+Image']
COLIN 250 ML MRP 75,['https://via.placeholder.com/400x400?text=No+Image']
COLIN 500MIX25 MRP 115,['https://via.placeholder.com/400x400?text=No+Image']
COMPALN KB 200GM MRP149,['https://via.placeholder.com/400x400?text=No+Image']
COMPLAN CREAMY 200G MRP129,['https://via.placeholder.com/400x400?text=No+Image']
COMPLAN CREAMY 500G MRP309,['https://via.placeholder.com/400x400?text=No+Image']
COMPLAN ROYAL CH 200G MRP139,['https://via.placeholder.com/400x400?text=No+Image']
COMPLAN ROYEL CH 400G MRP329,['https://via.placeholder.com/400x400?text=No+Image']
COMPPLAN 500G KB MRP365,['https://via.placeholder.com/400x400?text=No+Image']
COOCIS NANKHATAI 200G,['https://via.placeholder.com/400x400?text=No+Image']
CORN FLAKES 251G MRP 99,['https://via.placeholder.com/400x400?text=No+Image']
CRACKERS 300G MRP 50,['https://via.placeholder.com/400x400?text=No+Image']
CREAM GIL LIM 93GM MRP75,['https://via.placeholder.com/400x400?text=No+Image']
CREAM GIL LIME 30GM MRP40,['https://via.placeholder.com/400x400?text=No+Image']
CREAM GIL REG 30GM MRP40,['https://via.placeholder.com/400x400?text=No+Image']
CROSSANT RED MRP20,['https://via.placeholder.com/400x400?text=No+Image']
D.K 200GM FREE BRUSH,['https://via.placeholder.com/400x400?text=No+Image']
D.K 50GM,['https://via.placeholder.com/400x400?text=No+Image']
D.K ALOEVERA GEL PASTE 80GM,['https://via.placeholder.com/400x400?text=No+Image']
DABUR AMLA H OIL 90ML MRP53,['https://via.placeholder.com/400x400?text=No+Image']
DABUR RED PASTE 200G MRP147,['https://via.placeholder.com/400x400?text=No+Image']
DANDI SALT 1KG,['https://via.placeholder.com/400x400?text=No+Image']
DARK FANTASY CHOCO MRP10,['https://via.placeholder.com/400x400?text=No+Image']
DARK FANTASY MRP10,['https://via.placeholder.com/400x400?text=No+Image']
DARKFANTASY CHOCO FILLS,['https://via.placeholder.com/400x400?text=No+Image']
DCP 250GM MRP115,['https://via.placeholder.com/400x400?text=No+Image']
DECKIAJULI TEA 250GM,['https://via.placeholder.com/400x400?text=No+Image']
DEL MONTE DATES 200GM,['https://via.placeholder.com/400x400?text=No+Image']
DEL MONTE DATES 500GM,['https://via.placeholder.com/400x400?text=No+Image']
DEL MONTE EGGLESS MAYO 80GM,['https://via.placeholder.com/400x400?text=No+Image']
DEL MONTE MACRONI 400GM,['https://via.placeholder.com/400x400?text=No+Image']
DEL MONTE TOMATO KETCHUP 80GM,['https://via.placeholder.com/400x400?text=No+Image']
DERMICOOL 50G MRP 55,['https://via.placeholder.com/400x400?text=No+Image']
DERMICOOL POWDER 150G,['https://via.placeholder.com/400x400?text=No+Image']
DETOL 125ML MRP 80.52,['https://via.placeholder.com/400x400?text=No+Image']
DETOL 250ML MRP154.59,['https://via.placeholder.com/400x400?text=No+Image']
DETOL 550ML MRP 259,['https://via.placeholder.com/400x400?text=No+Image']
DETTOL OG MRP10,['https://via.placeholder.com/400x400?text=No+Image']
DETTOL ORG SUPER SAVER 650ML,['https://via.placeholder.com/400x400?text=No+Image']
DETTOL ORIGINAL 200ML,['https://via.placeholder.com/400x400?text=No+Image']
DETTOLSOAP 100G MRP 44,['https://via.placeholder.com/400x400?text=No+Image']
DEXOLAC NEW 3 400G MRP490,['https://via.placeholder.com/400x400?text=No+Image']
DEXOLAC NEW1 400GM MRP490,['https://via.placeholder.com/400x400?text=No+Image']
DEXOLAC NEW4 400GM MRP490,['https://via.placeholder.com/400x400?text=No+Image']
DHARA COOKING OIL 1LTR,['https://via.placeholder.com/400x400?text=No+Image']
DHARA COOKING OIL 500ML,['https://via.placeholder.com/400x400?text=No+Image']
DIA PLUS BIB VANLILLA 400G,['https://via.placeholder.com/400x400?text=No+Image']
DIGESTIVE 100G  MRP 25,['https://via.placeholder.com/400x400?text=No+Image']
DIGESTIVE 250GM MRP 65,['https://via.placeholder.com/400x400?text=No+Image']
DISH BAR 160GM,['https://via.placeholder.com/400x400?text=No+Image']
DISH WASH GEL RAKH&LEMON SUP 250ML,['https://via.placeholder.com/400x400?text=No+Image']
DISPOSABLE SWEET'S BATTI,['https://via.placeholder.com/400x400?text=No+Image']
DNV DHANIYA 100GM,['https://via.placeholder.com/400x400?text=No+Image']
DNV JEERA 100GM,['https://via.placeholder.com/400x400?text=No+Image']
DNV MUSTARD 100G,['https://via.placeholder.com/400x400?text=No+Image']
DNV PANCH FORAN 100G,['https://via.placeholder.com/400x400?text=No+Image']
DNV PANCH FORAN 50GM,['https://via.placeholder.com/400x400?text=No+Image']
DNV SOUFF 100GM,['https://via.placeholder.com/400x400?text=No+Image']
DOVE COND HFR BIOPRO CARE TUBE SMALL 75ML,['https://via.placeholder.com/400x400?text=No+Image']
DOVE CONDITIONER 80ML,['https://via.placeholder.com/400x400?text=No+Image']
DOVE CREAM SOAP 100G,['https://via.placeholder.com/400x400?text=No+Image']
DOVE CREAM SOAP 50G,['https://via.placeholder.com/400x400?text=No+Image']
DOVE CUCUMBER SOAP 75GM,['https://via.placeholder.com/400x400?text=No+Image']
DOVE DAILY SHINE BIOPRO SHAMPOO 180ML,['https://via.placeholder.com/400x400?text=No+Image']
DOVE HAIRFALL RESCUE SHAMP BIOP CARE 80ML,['https://via.placeholder.com/400x400?text=No+Image']
DOVE HFR RES 1MIN COND BIOP CARE 175ML,['https://via.placeholder.com/400x400?text=No+Image']
DOVE INTENSE REPAIR SHAMP BIO CARE 80ML,['https://via.placeholder.com/400x400?text=No+Image']
DOVE INTENSE REPAIR SHAMP BIOP CARE 180ML,['https://via.placeholder.com/400x400?text=No+Image']
DOVE SHAMPOO 340ML MRP375,['https://via.placeholder.com/400x400?text=No+Image']
DOVE SHAMPOO 80ML MRP85,['https://via.placeholder.com/400x400?text=No+Image']
DOVE SHAMPOO MRP224,['https://via.placeholder.com/400x400?text=No+Image']
DOVE SHOP 25GM,['https://via.placeholder.com/400x400?text=No+Image']
DRY BOOT 1KG MRP170,['https://via.placeholder.com/400x400?text=No+Image']
EASUM 400GM MRP360,['https://via.placeholder.com/400x400?text=No+Image']
EAT FIT DIGESIVE 175GM 30] MRP 40,['https://via.placeholder.com/400x400?text=No+Image']
ENGLISH CRACKER 150GM 40] MRP 40,['https://via.placeholder.com/400x400?text=No+Image']
ENSUREHMB V 375GM MRP 835,['https://via.placeholder.com/400x400?text=No+Image']
EXO DISHSHINE BAR ROUND 500GM,['https://via.placeholder.com/400x400?text=No+Image']
EZEE NGR 200+50GM MRP65,['https://via.placeholder.com/400x400?text=No+Image']
F H FACEWASH 50G MRP 110,['https://via.placeholder.com/400x400?text=No+Image']
FALA MOONG 250GM,['https://via.placeholder.com/400x400?text=No+Image']
FANTA 250ML MRP20,['https://via.placeholder.com/400x400?text=No+Image']
FANTA 750ML MRP40,['https://via.placeholder.com/400x400?text=No+Image']
FARMLEY NUTRITIOUS & CRUNCHIER 200GM,['https://via.placeholder.com/400x400?text=No+Image']
FEM F.&SOFT HEC 40G ROSE 72] MRP 85,['https://via.placeholder.com/400x400?text=No+Image']
FIAMA BEARBERRY MRP40,['https://via.placeholder.com/400x400?text=No+Image']
FIAMA GOLDEN SANDALWOOD MRP 40,['https://via.placeholder.com/400x400?text=No+Image']
FIAMA WITH SKIN MRP40,['https://via.placeholder.com/400x400?text=No+Image']
FINGER PAPAD MRP20,['https://via.placeholder.com/400x400?text=No+Image']
FOGG DEO MAJESTIC,['https://via.placeholder.com/400x400?text=No+Image']
FOGG DEO NAPOLEON,['https://via.placeholder.com/400x400?text=No+Image']
FOREST SPICE 150ML MRP 225,['https://via.placeholder.com/400x400?text=No+Image']
FORTUNE 500ML,['https://via.placeholder.com/400x400?text=No+Image']
FORTUNE M OIL 1LTR,['https://via.placeholder.com/400x400?text=No+Image']
FREEDOM PAPAD MRP 35,['https://via.placeholder.com/400x400?text=No+Image']
FROZIT SATTU 200GM,['https://via.placeholder.com/400x400?text=No+Image']
GAL BB CREAM 18G,['https://via.placeholder.com/400x400?text=No+Image']
GAL BB CREAM 9G,['https://via.placeholder.com/400x400?text=No+Image']
GAL BRIGHTNING FACE SERUM 14ML,['https://via.placeholder.com/400x400?text=No+Image']
GAL MV FW 50G,['https://via.placeholder.com/400x400?text=No+Image']
GAL SPF BRIGHT CREAM 15G,['https://via.placeholder.com/400x400?text=No+Image']
GAR BC CREAM 40GR MRP249,['https://via.placeholder.com/400x400?text=No+Image']
GAR BC FACE WASH 100GR MRP209,['https://via.placeholder.com/400x400?text=No+Image']
GAR BN PATTA 3.16 MRP45,['https://via.placeholder.com/400x400?text=No+Image']
GAR MAN CREAM MRP109,['https://via.placeholder.com/400x400?text=No+Image']
GAR MAN OIL CONTROL F/W MRP110,['https://via.placeholder.com/400x400?text=No+Image']
GD ACTIVE ORS 200ML MRP45,['https://via.placeholder.com/400x400?text=No+Image']
GD ORANGE 75+50G MRP56,['https://via.placeholder.com/400x400?text=No+Image']
GD ORANGE JAR 400GM MRP215,['https://via.placeholder.com/400x400?text=No+Image']
GD PLAIN 400GM MRP155,['https://via.placeholder.com/400x400?text=No+Image']
GD PLANJAR 200GM MRP85,['https://via.placeholder.com/400x400?text=No+Image']
GIL REGULAR SHV CRM 70GM MRP75,['https://via.placeholder.com/400x400?text=No+Image']
GIL SBR[7+1] MRP560,['https://via.placeholder.com/400x400?text=No+Image']
GILLETTE MACH3 BLADE,['https://via.placeholder.com/400x400?text=No+Image']
GILLETTE MACH3 RZR,['https://via.placeholder.com/400x400?text=No+Image']
GILLETTE PRESTO RAZOR,['https://via.placeholder.com/400x400?text=No+Image']
GILLETTE TSG 25G MRP 49,['https://via.placeholder.com/400x400?text=No+Image']
GILLETTE TWIN BLADE,['https://via.placeholder.com/400x400?text=No+Image']
GILLETTFOAM 196GM REG MRP199,['https://via.placeholder.com/400x400?text=No+Image']
GILLETTFOAM 50GM REG90 MRP90,['https://via.placeholder.com/400x400?text=No+Image']
GITS SOAN PAPDI 250GM,['https://via.placeholder.com/400x400?text=No+Image']
GJANTA PANEER 200GM,['https://via.placeholder.com/400x400?text=No+Image']
GLUCOSE D JAR 200G MRP85,['https://via.placeholder.com/400x400?text=No+Image']
GLUCOSE D JAR 450G MRP149,['https://via.placeholder.com/400x400?text=No+Image']
GOBINDA BHOG JOHA 26KG,['https://via.placeholder.com/400x400?text=No+Image']
GODREJ NO1 SOAP MRP5,['https://via.placeholder.com/400x400?text=No+Image']
GODZILLA MOSQUITO COILS,['https://via.placeholder.com/400x400?text=No+Image']
GOJAL HOOK,['https://via.placeholder.com/400x400?text=No+Image']
GOLAGHAT TEA 100GM,['https://via.placeholder.com/400x400?text=No+Image']
GOOD BOY BIRYANI RICE 26KG,['https://via.placeholder.com/400x400?text=No+Image']
GOOD BOY SUP JEERA 26KG,['https://via.placeholder.com/400x400?text=No+Image']
GOOGLI 240GM 24] MRP 35,['https://via.placeholder.com/400x400?text=No+Image']
GOTA GOROM MASALA 100GM,['https://via.placeholder.com/400x400?text=No+Image']
GOTA GOROM MASALA MRP35,['https://via.placeholder.com/400x400?text=No+Image']
GOTA MAHOR DALI,['https://via.placeholder.com/400x400?text=No+Image']
GOTA RED CHILLI,['https://via.placeholder.com/400x400?text=No+Image']
GREEN MOTOR 400GM,['https://via.placeholder.com/400x400?text=No+Image']
GREEN MOTOR 500GM,['https://via.placeholder.com/400x400?text=No+Image']
GUARD CART 1 SBD MRP 140,['https://via.placeholder.com/400x400?text=No+Image']
GUARD RAZORN SBD MRP 125,['https://via.placeholder.com/400x400?text=No+Image']
GULAB JAMUN 500GM,['https://via.placeholder.com/400x400?text=No+Image']
GULABARI 120ML MRP54,['https://via.placeholder.com/400x400?text=No+Image']
GULABARI 250ML MRP92,['https://via.placeholder.com/400x400?text=No+Image']
GUR METHAI,['https://via.placeholder.com/400x400?text=No+Image']
GUR METHAI,['https://via.placeholder.com/400x400?text=No+Image']
GURUJI ORANGE SYRUP 1LTR,['https://via.placeholder.com/400x400?text=No+Image']
GURUJI PINEAPPLE SYRUP 1LTR,['https://via.placeholder.com/400x400?text=No+Image']
GURUJI THANDAI SYRUP 700ML,['https://via.placeholder.com/400x400?text=No+Image']
H&S 180ML AHF MRP 215,['https://via.placeholder.com/400x400?text=No+Image']
H&S 180ML CM 215,['https://via.placeholder.com/400x400?text=No+Image']
H&S 180ML SB MRP 215,['https://via.placeholder.com/400x400?text=No+Image']
H&S 180ML SNS MRP 215,['https://via.placeholder.com/400x400?text=No+Image']
H&S 72ML CM MRP84,['https://via.placeholder.com/400x400?text=No+Image']
H&S 72ML LF MRP 84,['https://via.placeholder.com/400x400?text=No+Image']
H&S 72ML NEEM SHMP MRP115,['https://via.placeholder.com/400x400?text=No+Image']
H&S LF 200GM MRP 215,['https://via.placeholder.com/400x400?text=No+Image']
H&S NEEM 180ML MRP 280,['https://via.placeholder.com/400x400?text=No+Image']
H&S SB 90ML MRP 84,['https://via.placeholder.com/400x400?text=No+Image']
H&S SS CONDI 180ML MRP 165,['https://via.placeholder.com/400x400?text=No+Image']
HAJ IMLI BOTTLE MRP30,['https://via.placeholder.com/400x400?text=No+Image']
HAJ REGULAR TAB MRP70,['https://via.placeholder.com/400x400?text=No+Image']
HAJMOLA PUDINA TAB MRP25,['https://via.placeholder.com/400x400?text=No+Image']
HANKO BAR 95GM MRP10,['https://via.placeholder.com/400x400?text=No+Image']
HANKO D POWDER 1KG MRP130,['https://via.placeholder.com/400x400?text=No+Image']
HANKO D POWDER 95GM MRP10,['https://via.placeholder.com/400x400?text=No+Image']
HANKO DW POWDER 500GM MRP65,['https://via.placeholder.com/400x400?text=No+Image']
HAPPILO KAJU 200GM,['https://via.placeholder.com/400x400?text=No+Image']
HARPIC 900ML MRP 195,['https://via.placeholder.com/400x400?text=No+Image']
HELLMANNS MAYONAISE ROASTED GARLIC 85G,['https://via.placeholder.com/400x400?text=No+Image']
HELLMANNS MAYONAISE SMOKY TANDOORI 85G,['https://via.placeholder.com/400x400?text=No+Image']
HERBAL MEHANDI 100GM,['https://via.placeholder.com/400x400?text=No+Image']
HERBAL W.D POWDER 1KG,['https://via.placeholder.com/400x400?text=No+Image']
HERBAL W.D POWDER 500GM,['https://via.placeholder.com/400x400?text=No+Image']
HERBO W.D POWDER 1KG,['https://via.placeholder.com/400x400?text=No+Image']
HERBO W.D POWDER 500GM,['https://via.placeholder.com/400x400?text=No+Image']
HIDE&SEEK BISCUIT MRP30,['https://via.placeholder.com/400x400?text=No+Image']
HIMALAYA PAIN BALM 10G,['https://via.placeholder.com/400x400?text=No+Image']
HIMALAYA RE-HYDRATE ORNG 200 ML,['https://via.placeholder.com/400x400?text=No+Image']
HIMGANGE AYUR OIL 100ML MRP85,['https://via.placeholder.com/400x400?text=No+Image']
HIMGANGE AYUR OIL 200ML,['https://via.placeholder.com/400x400?text=No+Image']
HIT CIK 200ML MRP105,['https://via.placeholder.com/400x400?text=No+Image']
HIT FIK 200ML MRP120,['https://via.placeholder.com/400x400?text=No+Image']
HM ALLVERA 100ML MRP90,['https://via.placeholder.com/400x400?text=No+Image']
HM ALOVERA FW 50ML MRP90,['https://via.placeholder.com/400x400?text=No+Image']
HM ANTI DND HAIR CREAM 100ML,['https://via.placeholder.com/400x400?text=No+Image']
HM ANTI DND SHAMPOO 180ML MRP175,['https://via.placeholder.com/400x400?text=No+Image']
HM ANTI HF CREAM 100ML MRP100,['https://via.placeholder.com/400x400?text=No+Image']
HM ANTI HF SHAMPOO 180ML MRP165,['https://via.placeholder.com/400x400?text=No+Image']
HM DARK SPOT CT FW 50ML MRP95,['https://via.placeholder.com/400x400?text=No+Image']
HM GDCP SHAMPOO 180ML MRP165,['https://via.placeholder.com/400x400?text=No+Image']
HM KESAR FW 50ML MRP90,['https://via.placeholder.com/400x400?text=No+Image']
HM LEMON FW 100ML MRP150,['https://via.placeholder.com/400x400?text=No+Image']
HM LEMON FW 50ML MRP95,['https://via.placeholder.com/400x400?text=No+Image']
HM MINI KAJAL 1N=11+1FREE 12S MRP550,['https://via.placeholder.com/400x400?text=No+Image']
HM NEEM FACE WASH 100ML MRP179,['https://via.placeholder.com/400x400?text=No+Image']
HM NEEM FACE WASH 150ML,['https://via.placeholder.com/400x400?text=No+Image']
HM NEEM FACE WASH 50ML,['https://via.placeholder.com/400x400?text=No+Image']
HM NEEM FW 200ML MRP325,['https://via.placeholder.com/400x400?text=No+Image']
HM NOURSING CREAM 100ML MRP170,['https://via.placeholder.com/400x400?text=No+Image']
HM NOURSING CREAM 50ML MRP95,['https://via.placeholder.com/400x400?text=No+Image']
HM PROTIN H CREAM 100ML MRP100,['https://via.placeholder.com/400x400?text=No+Image']
HM VITAMIN C ORA 50ML MRP115,['https://via.placeholder.com/400x400?text=No+Image']
HM VITAMIN [C] STRAWBERRY 100ML MRP220,['https://via.placeholder.com/400x400?text=No+Image']
HN VITAMIN [C] BLUEBERY FW 50ML MRP115,['https://via.placeholder.com/400x400?text=No+Image']
HONEY 250G MRP125,['https://via.placeholder.com/400x400?text=No+Image']
HONEY 500GM MRP250,['https://via.placeholder.com/400x400?text=No+Image']
HONEY 50G MRP45,['https://via.placeholder.com/400x400?text=No+Image']
HORLICKS LITE JAR 450G,['https://via.placeholder.com/400x400?text=No+Image']
HORLICKS PLAIN BISCUIT 300G,['https://via.placeholder.com/400x400?text=No+Image']
HORLICKS PLAIN BISCUITS 75G,['https://via.placeholder.com/400x400?text=No+Image']
HORLICKS STD LITE CS POUCH 450G,['https://via.placeholder.com/400x400?text=No+Image']
HUGGIES [L] SIZE MRP399,['https://via.placeholder.com/400x400?text=No+Image']
HUGGIES [L] SIZE MRP99,['https://via.placeholder.com/400x400?text=No+Image']
HUGGIES [M] SIZE MRP399,['https://via.placeholder.com/400x400?text=No+Image']
HUGGIES [M] SIZE MRP99,['https://via.placeholder.com/400x400?text=No+Image']
HUGGIES [NB/XS] SIZE MRP99,['https://via.placeholder.com/400x400?text=No+Image']
HUGGIES [S] SIZE MRP399,['https://via.placeholder.com/400x400?text=No+Image']
HUGGIES [S] SIZE MRP99,['https://via.placeholder.com/400x400?text=No+Image']
HUGGIES [XL] SIZE MRP36,['https://via.placeholder.com/400x400?text=No+Image']
HUGGIES [XL] SIZE MRP399,['https://via.placeholder.com/400x400?text=No+Image']
HUGGIES [XXL] SIZE MRP649,['https://via.placeholder.com/400x400?text=No+Image']
HYZELLIN FLOOR CLANER 500ML,['https://via.placeholder.com/400x400?text=No+Image']
INDEPENDENCE WATER 750ML,['https://via.placeholder.com/400x400?text=No+Image']
INDIA GATE BIRYANI RICE 30KG,['https://via.placeholder.com/400x400?text=No+Image']
INDIA GATE RICE DUBAR 1KG,['https://via.placeholder.com/400x400?text=No+Image']
INDU BRINGHA HAIR FALL CONTROL SHP 200ML,['https://via.placeholder.com/400x400?text=No+Image']
INDULEKHA BRGH HFC SHMP 100ML,['https://via.placeholder.com/400x400?text=No+Image']
IRON SARF,['https://via.placeholder.com/400x400?text=No+Image']
JAC OLIVOL BODY OIL 200ML,['https://via.placeholder.com/400x400?text=No+Image']
JALUK 100G,['https://via.placeholder.com/400x400?text=No+Image']
JANATA GOOL SOAP,['https://via.placeholder.com/400x400?text=No+Image']
JANATA PLUS BATI SOAP,['https://via.placeholder.com/400x400?text=No+Image']
JB ADV HAIR OIL 100ML MRP.170,['https://via.placeholder.com/400x400?text=No+Image']
JB ADV HAIR OIL 200ML MRP.300,['https://via.placeholder.com/400x400?text=No+Image']
JB ADV HAIR OIL 60ML MRP.95,['https://via.placeholder.com/400x400?text=No+Image']
JB CREAM MILK 100GM MRP190,['https://via.placeholder.com/400x400?text=No+Image']
JB CREAM PLAIN 50GM MRP100,['https://via.placeholder.com/400x400?text=No+Image']
JB HAIROIL 50ML MRP80,['https://via.placeholder.com/400x400?text=No+Image']
JB HAOIL 100ML MRP160,['https://via.placeholder.com/400x400?text=No+Image']
JB POWDER 100GM MRP125,['https://via.placeholder.com/400x400?text=No+Image']
JB POWDER 200GM MRP210,['https://via.placeholder.com/400x400?text=No+Image']
JB SHAMPOO 200ML MRP220,['https://via.placeholder.com/400x400?text=No+Image']
JB SHAMPPOO 60ML MRP70,['https://via.placeholder.com/400x400?text=No+Image']
JB SKINCARE WIPES MRP.85,['https://via.placeholder.com/400x400?text=No+Image']
JB SOAP 50G MRP47,['https://via.placeholder.com/400x400?text=No+Image']
JB SOAP 75G MRP68,['https://via.placeholder.com/400x400?text=No+Image']
JIG JAG BRITE 30,['https://via.placeholder.com/400x400?text=No+Image']
JIYO BHUIJIA,['https://via.placeholder.com/400x400?text=No+Image']
JIYO DRY BOOT,['https://via.placeholder.com/400x400?text=No+Image']
JIYO KNIFE,['https://via.placeholder.com/400x400?text=No+Image']
JK PANCH FORAN,['https://via.placeholder.com/400x400?text=No+Image']
JK SOUNF,['https://via.placeholder.com/400x400?text=No+Image']
JOHA RICE 1KG,['https://via.placeholder.com/400x400?text=No+Image']
JR HLX CHOC CSP 400G,['https://via.placeholder.com/400x400?text=No+Image']
JR HLX VAN BIB 500G,['https://via.placeholder.com/400x400?text=No+Image']
JR HLX VAN CSP 400G,['https://via.placeholder.com/400x400?text=No+Image']
JUNIOR HLX CHOCOLATE IRON JAR 500G,['https://via.placeholder.com/400x400?text=No+Image']
JUNIOR HLX VANILLA IRON JAR 500G,['https://via.placeholder.com/400x400?text=No+Image']
K. KING OIL 100ML MRP 175,['https://via.placeholder.com/400x400?text=No+Image']
KACHI GHANI DALDA 1L,['https://via.placeholder.com/400x400?text=No+Image']
KAJJU 100G,['https://via.placeholder.com/400x400?text=No+Image']
KAJJU 50G,['https://via.placeholder.com/400x400?text=No+Image']
KALMI KHEJUR MRP 335,['https://via.placeholder.com/400x400?text=No+Image']
KAMALA GOLD JARU MRP,['https://via.placeholder.com/400x400?text=No+Image']
KASHA BADAM 500GM,['https://via.placeholder.com/400x400?text=No+Image']
KASTURI MRP 24,['https://via.placeholder.com/400x400?text=No+Image']
KASTURI STICK MRP.60,['https://via.placeholder.com/400x400?text=No+Image']
KASTURI THE MUSK MRP12,['https://via.placeholder.com/400x400?text=No+Image']
KELLOGG'S CHOCOS MRP75,['https://via.placeholder.com/400x400?text=No+Image']
KESAR KULFI MRP30,['https://via.placeholder.com/400x400?text=No+Image']
KESAR PEDA,['https://via.placeholder.com/400x400?text=No+Image']
KESAR PISTA CONE MRP20,['https://via.placeholder.com/400x400?text=No+Image']
KHORU KHURMA,['https://via.placeholder.com/400x400?text=No+Image']
KILLER AGARBATTI,['https://via.placeholder.com/400x400?text=No+Image']
KIMIA DATES 500GM,['https://via.placeholder.com/400x400?text=No+Image']
KINDER BOY MRP50,['https://via.placeholder.com/400x400?text=No+Image']
KINDER JOY MRP50,['https://via.placeholder.com/400x400?text=No+Image']
KISAN FRESH TOMATO KETHUP 90G,['https://via.placeholder.com/400x400?text=No+Image']
KISAN MIX FRUIT JAM 500G,['https://via.placeholder.com/400x400?text=No+Image']
KISAN SWEET & SPICY SAUCE 200G,['https://via.placeholder.com/400x400?text=No+Image']
KITCHEN KING MASLA 50GM MRP 50,['https://via.placeholder.com/400x400?text=No+Image']
KIWI DRANEX,['https://via.placeholder.com/400x400?text=No+Image']
KK ALMONDS MRP170,['https://via.placeholder.com/400x400?text=No+Image']
KOREENA SCRAF,['https://via.placeholder.com/400x400?text=No+Image']
KROSSLINES MRP 20,['https://via.placeholder.com/400x400?text=No+Image']
KRT 26KG,['https://via.placeholder.com/400x400?text=No+Image']
KRT RICE 26KG,['https://via.placeholder.com/400x400?text=No+Image']
KSN MANGO JAM 188G,['https://via.placeholder.com/400x400?text=No+Image']
KSN MF JAM TUB RAJPURA 90G,['https://via.placeholder.com/400x400?text=No+Image']
KSN P-APPLE SQUASH 750ML,['https://via.placeholder.com/400x400?text=No+Image']
LACTOGEN PRO 1,['https://via.placeholder.com/400x400?text=No+Image']
LACTOGEN PRO 2,['https://via.placeholder.com/400x400?text=No+Image']
LACTOGEN PRO 3,['https://via.placeholder.com/400x400?text=No+Image']
LACTOGEN PRO 4,['https://via.placeholder.com/400x400?text=No+Image']
LAKME BLUSH & GLOW KIWI FACEWASH 50G,['https://via.placeholder.com/400x400?text=No+Image']
LAKME BLUSH & GLOW LEMON GEL FACEWASH 50G,['https://via.placeholder.com/400x400?text=No+Image']
LAKME COMPLEXION CARE CREAM 9G,['https://via.placeholder.com/400x400?text=No+Image']
LAKME PCH MILK INTENSE 60ML,['https://via.placeholder.com/400x400?text=No+Image']
LAKME PCH MILK LT 120ML,['https://via.placeholder.com/400x400?text=No+Image']
LAKME PCH MILK LT 60M,['https://via.placeholder.com/400x400?text=No+Image']
LAKME PCH MILK SPF24 120ML,['https://via.placeholder.com/400x400?text=No+Image']
LAKME PCH ULTRA GEL 25G,['https://via.placeholder.com/400x400?text=No+Image']
LAKME PEACH MILK MOISTURE 200ML,['https://via.placeholder.com/400x400?text=No+Image']
LAXMI BRAND BHUIJA 250GM,['https://via.placeholder.com/400x400?text=No+Image']
LAXMI BRAND BHUIJA 70GM,['https://via.placeholder.com/400x400?text=No+Image']
LEGEND[BS]150ML MRP225,['https://via.placeholder.com/400x400?text=No+Image']
LEMON DISPOSABLE BATTI,['https://via.placeholder.com/400x400?text=No+Image']
LH APRISCRUB 60G MRP99,['https://via.placeholder.com/400x400?text=No+Image']
LH BERRY FACE WASH MRP175,['https://via.placeholder.com/400x400?text=No+Image']
LH JOJOBA FACE WASH MRP175,['https://via.placeholder.com/400x400?text=No+Image']
LH NEEM FACE WASH MRP175,['https://via.placeholder.com/400x400?text=No+Image']
LH SBC SPF 50 RENG MRP565,['https://via.placeholder.com/400x400?text=No+Image']
LH SPF 30 REG MRP435,['https://via.placeholder.com/400x400?text=No+Image']
LH SPF 50 MINI MRP435,['https://via.placeholder.com/400x400?text=No+Image']
LH TEA TREE F/W MRP190,['https://via.placeholder.com/400x400?text=No+Image']
LH UBTAN FACE CREAM MRP395,['https://via.placeholder.com/400x400?text=No+Image']
LH W/G FACIAL FOAM MRP175,['https://via.placeholder.com/400x400?text=No+Image']
LH W/G GEL CREAM MRP460,['https://via.placeholder.com/400x400?text=No+Image']
LH W/G SCRUBE 50GR MRP199,['https://via.placeholder.com/400x400?text=No+Image']
LH W/G SERUM +MOIST MRP 490,['https://via.placeholder.com/400x400?text=No+Image']
LH W/G VITAMIN C RADIANCE CREAM MRP295,['https://via.placeholder.com/400x400?text=No+Image']
LH W/G VITAMIN C SERUM MRP285,['https://via.placeholder.com/400x400?text=No+Image']
LH white glow night cream offer pack MRP99,['https://via.placeholder.com/400x400?text=No+Image']
LH WHITE GLOW NITE CREAM MRP375,['https://via.placeholder.com/400x400?text=No+Image']
LH WHITEGLOW GEL CREAM 15G MRP99,['https://via.placeholder.com/400x400?text=No+Image']
LH YOUTH RX FOAM 50GM MRP175,['https://via.placeholder.com/400x400?text=No+Image']
LH YOUTHRX ANTI AGEING TRANSF MRP155,['https://via.placeholder.com/400x400?text=No+Image']
LH YOUTHRXANTIAGEING CREAM MRP395,['https://via.placeholder.com/400x400?text=No+Image']
LHC SINDUR RED MRP190,['https://via.placeholder.com/400x400?text=No+Image']
LIFEBOY CARE 41G,['https://via.placeholder.com/400x400?text=No+Image']
LIFEBOY EX DEF SOAP,['https://via.placeholder.com/400x400?text=No+Image']
LIJJAT PAPAD MASALA,['https://via.placeholder.com/400x400?text=No+Image']
LIJJAT PAPAD PLAIN,['https://via.placeholder.com/400x400?text=No+Image']
LIPTON CLR&L J&A 250G,['https://via.placeholder.com/400x400?text=No+Image']
LIPTON DERJEELING 100G,['https://via.placeholder.com/400x400?text=No+Image']
LIPTON GREEN HONEY LEMON 1.4G,['https://via.placeholder.com/400x400?text=No+Image']
LIPTON GREEN HONEY LEMON 25STB 35GSLF,['https://via.placeholder.com/400x400?text=No+Image']
LIPTON GREEN LEMON ZEST 25STB 32.5G,['https://via.placeholder.com/400x400?text=No+Image']
LIPTON GREEN TEA CLR&LIGHT 1.3G,['https://via.placeholder.com/400x400?text=No+Image']
LIPTON GREEN TULSI NATURA 25STB 32.5G,['https://via.placeholder.com/400x400?text=No+Image']
LIPTON GREEN TULSI NATURA 25STB B,['https://via.placeholder.com/400x400?text=No+Image']
LITTLE HEART 34.5G MRP 10,['https://via.placeholder.com/400x400?text=No+Image']
LIVON SERUM 20ML,['https://via.placeholder.com/400x400?text=No+Image']
LIZOL 200ML MRP48,['https://via.placeholder.com/400x400?text=No+Image']
LIZOL 500ML MRP 123,['https://via.placeholder.com/400x400?text=No+Image']
LK9-5 SUNEX GELLIGHTSUNSCREEN 50G,['https://via.placeholder.com/400x400?text=No+Image']
LK9-5 SUNEX SUPERMATTE SNSRN SPF50 50G,['https://via.placeholder.com/400x400?text=No+Image']
LK9-5 SUNEX SUPERMATTESNSRN 100G,['https://via.placeholder.com/400x400?text=No+Image']
LK9-5 SUNEXTINTHINT SUNSCREEN SPF25 50G,['https://via.placeholder.com/400x400?text=No+Image']
LOBIA 500GM,['https://via.placeholder.com/400x400?text=No+Image']
LOREAL CONDITIONER 180ML,['https://via.placeholder.com/400x400?text=No+Image']
LR 6 OIL SHAMPOO MRP219,['https://via.placeholder.com/400x400?text=No+Image']
LR CP SHAMPOO MRP219,['https://via.placeholder.com/400x400?text=No+Image']
LR DREAMLENGTH SHAMPOO MRP219,['https://via.placeholder.com/400x400?text=No+Image']
LR FALL REPIAR COND MRP259,['https://via.placeholder.com/400x400?text=No+Image']
LR FALL REPIAR SHAMPOO 90ML MRP95,['https://via.placeholder.com/400x400?text=No+Image']
LR HM 180ML SH MRP179,['https://via.placeholder.com/400x400?text=No+Image']
LR TR SHAMPOO MRP209,['https://via.placeholder.com/400x400?text=No+Image']
LR TR SHAMPOO MRP95,['https://via.placeholder.com/400x400?text=No+Image']
LUX CP SOAP 45G,['https://via.placeholder.com/400x400?text=No+Image']
LUX CREAMY PERFECTION 30GM MRP10,['https://via.placeholder.com/400x400?text=No+Image']
LUX CREAMY PERFECTION+125GM MRP83,['https://via.placeholder.com/400x400?text=No+Image']
LUX SKIN DW BODYWASH 245ML,['https://via.placeholder.com/400x400?text=No+Image']
LUX SKIN FA BODYWASH 245ML,['https://via.placeholder.com/400x400?text=No+Image']
MAAH PAAT,['https://via.placeholder.com/400x400?text=No+Image']
MAAZA 250ML MRP20,['https://via.placeholder.com/400x400?text=No+Image']
MAAZA 600ML MRP42,['https://via.placeholder.com/400x400?text=No+Image']
MACARONI MRP40,['https://via.placeholder.com/400x400?text=No+Image']
MAGGI MASALA MRP5,['https://via.placeholder.com/400x400?text=No+Image']
MAGGI NODDLES 420G,['https://via.placeholder.com/400x400?text=No+Image']
MAGGI PAZZTA CHEESE,['https://via.placeholder.com/400x400?text=No+Image']
MAGGIE MRP20,['https://via.placeholder.com/400x400?text=No+Image']
MALAI PANEER MRP95,['https://via.placeholder.com/400x400?text=No+Image']
MALAI PEDA,['https://via.placeholder.com/400x400?text=No+Image']
MALKIST CHEESE MRP 50,['https://via.placeholder.com/400x400?text=No+Image']
MALKIST CHOCOLATEY MRP 50,['https://via.placeholder.com/400x400?text=No+Image']
MALKIST DOUBLE 144G MRP60,['https://via.placeholder.com/400x400?text=No+Image']
MAMAEARTH BEETROOT DAILY GLOW 80GM,['https://via.placeholder.com/400x400?text=No+Image']
MAMAEARTH BEETROOT G FACE WASH 100ML,['https://via.placeholder.com/400x400?text=No+Image']
MAMAEARTH BEETROOT HYDRAFUL MOISTURIZER 50GM,['https://via.placeholder.com/400x400?text=No+Image']
MAMAEARTH CHARCOAL FACE WASH 100ML,['https://via.placeholder.com/400x400?text=No+Image']
MAMAEARTH HYDRAGEL IND SUNSCREEN 50GM,['https://via.placeholder.com/400x400?text=No+Image']
MAMAEARTH MULTANI M FACE WASH 100ML,['https://via.placeholder.com/400x400?text=No+Image']
MAMAEARTH ONION CONDITIONER 250ML,['https://via.placeholder.com/400x400?text=No+Image']
MAMAEARTH ONION HAIR FALL SHAMPOO 250ML,['https://via.placeholder.com/400x400?text=No+Image']
MAMAEARTH RICE FACE WASH 100ML,['https://via.placeholder.com/400x400?text=No+Image']
MAMAEARTH RICE OIL FACE MOISTURIZER 80GM,['https://via.placeholder.com/400x400?text=No+Image']
MAMAEARTH UBTAN DETAN SUNSCREEN 50GM,['https://via.placeholder.com/400x400?text=No+Image']
MAMAEARTH UBTAN FACE WASH 100ML,['https://via.placeholder.com/400x400?text=No+Image']
MAMAEARTH VITAMIN C DAILY GLOW 80GM,['https://via.placeholder.com/400x400?text=No+Image']
MAMAEARTH VITAMIN C DAILY SUNSCREEN 80GM,['https://via.placeholder.com/400x400?text=No+Image']
MAMAEARTH VITAMIN C FACE WASH 100ML,['https://via.placeholder.com/400x400?text=No+Image']
MANGALAM ASSAM TEA 250GM,['https://via.placeholder.com/400x400?text=No+Image']
MANGALAM TEA 100G,['https://via.placeholder.com/400x400?text=No+Image']
MANGALDEEP SADHVI STICKS,['https://via.placeholder.com/400x400?text=No+Image']
MANNA BLACK DATES 400GM,['https://via.placeholder.com/400x400?text=No+Image']
MARIE LIGHT ACTIVE BISCUIT MRP40,['https://via.placeholder.com/400x400?text=No+Image']
MARIE LIGHT EVENING BISCUIT MRP10,['https://via.placeholder.com/400x400?text=No+Image']
MARIE LIGHT EVENING BISCUIT MRP45,['https://via.placeholder.com/400x400?text=No+Image']
MARLIN EXCEL BRUSH,['https://via.placeholder.com/400x400?text=No+Image']
MARLIN PEARL BRUSH,['https://via.placeholder.com/400x400?text=No+Image']
MARLIN TAJ BRUSH,['https://via.placeholder.com/400x400?text=No+Image']
MARLIN TOPPER SOFT BRUSH,['https://via.placeholder.com/400x400?text=No+Image']
MAST JEERA JAR 200GM 30] MRP50,['https://via.placeholder.com/400x400?text=No+Image']
MAX RITER PEN,['https://via.placeholder.com/400x400?text=No+Image']
MAXO GENIUS MACHINE+REFILL,['https://via.placeholder.com/400x400?text=No+Image']
MDH CHANA MASALA,['https://via.placeholder.com/400x400?text=No+Image']
MDH CHUNKY CHAT MASALA 50GM,['https://via.placeholder.com/400x400?text=No+Image']
MDH GARAM MASALA,['https://via.placeholder.com/400x400?text=No+Image']
MDH GOTA JEERA 250GM,['https://via.placeholder.com/400x400?text=No+Image']
ME BABY BODYLOTION MRP249,['https://via.placeholder.com/400x400?text=No+Image']
ME BABY FRUIT TOOTHPASTE MRP149,['https://via.placeholder.com/400x400?text=No+Image']
ME BABY MILK SOFT CREAM MRP199,['https://via.placeholder.com/400x400?text=No+Image']
ME BABY SHAMPOO MRP249,['https://via.placeholder.com/400x400?text=No+Image']
ME ONION HAIR OIL MRP199,['https://via.placeholder.com/400x400?text=No+Image']
MEDIKAR SHAMPOO 50ML MRP55,['https://via.placeholder.com/400x400?text=No+Image']
MEEMEE BABY BATH 200ML,['https://via.placeholder.com/400x400?text=No+Image']
MEEMEE BABY CREAM,['https://via.placeholder.com/400x400?text=No+Image']
MEEMEE BABY OIL 200ML,['https://via.placeholder.com/400x400?text=No+Image']
MEEMEE BABY SHAMPOO 200ML,['https://via.placeholder.com/400x400?text=No+Image']
MEEMEE BABY SOAP,['https://via.placeholder.com/400x400?text=No+Image']
MEEMEE LIQUID CLEANSER 300ML,['https://via.placeholder.com/400x400?text=No+Image']
MEIBAO LOCK,['https://via.placeholder.com/400x400?text=No+Image']
MENTHO PLUS 4G MRP 15,['https://via.placeholder.com/400x400?text=No+Image']
MENTHO PLUS 8ML MRP 42,['https://via.placeholder.com/400x400?text=No+Image']
MG CHOCOS 250G MRP148,['https://via.placeholder.com/400x400?text=No+Image']
MG CHOCOS 385G MRP 215,['https://via.placeholder.com/400x400?text=No+Image']
MILTON SURKSHA GAS LIGHTER,['https://via.placeholder.com/400x400?text=No+Image']
MINI CHOCOBAR MRP10,['https://via.placeholder.com/400x400?text=No+Image']
MINI NEMKI,['https://via.placeholder.com/400x400?text=No+Image']
MINI PIZZA MRP 90,['https://via.placeholder.com/400x400?text=No+Image']
MITHAI MATE 400G,['https://via.placeholder.com/400x400?text=No+Image']
MIXER 70GM,['https://via.placeholder.com/400x400?text=No+Image']
MM-1850 NIPPLE MRP99,['https://via.placeholder.com/400x400?text=No+Image']
MM-3050 NBDAIPER MRP199,['https://via.placeholder.com/400x400?text=No+Image']
MM-3600 STB TOTH PASTE MRP149,['https://via.placeholder.com/400x400?text=No+Image']
MM-3600 TOOTH PASTE ORG,['https://via.placeholder.com/400x400?text=No+Image']
MM-3830 NAIL CUTTER,['https://via.placeholder.com/400x400?text=No+Image']
MM-3850 TOOTHBRUSH MRP89,['https://via.placeholder.com/400x400?text=No+Image']
MM-FEEDING M BLU BOTTLE MRP99,['https://via.placeholder.com/400x400?text=No+Image']
MM-FEEFING L BLU BOTTLE MRP109,['https://via.placeholder.com/400x400?text=No+Image']
MM-SP 8F BOTTLE MRP 599,['https://via.placeholder.com/400x400?text=No+Image']
MOGOJU 100GM,['https://via.placeholder.com/400x400?text=No+Image']
MOGOJU 200GM,['https://via.placeholder.com/400x400?text=No+Image']
MOMENTS AGARBATTI,['https://via.placeholder.com/400x400?text=No+Image']
MOON BOILED RICE 26KG,['https://via.placeholder.com/400x400?text=No+Image']
MOOV CREAM 10G MRP 60,['https://via.placeholder.com/400x400?text=No+Image']
MOOV SPRAY 15ML MRP 85,['https://via.placeholder.com/400x400?text=No+Image']
MOTHER HLX KESAR 400G,['https://via.placeholder.com/400x400?text=No+Image']
MOTHER HLX VAN 200G BIB B,['https://via.placeholder.com/400x400?text=No+Image']
MOTHER'S APPALAM PAPAD,['https://via.placeholder.com/400x400?text=No+Image']
MOTI JEERA 1KG,['https://via.placeholder.com/400x400?text=No+Image']
MOTOR CHANA 1KG,['https://via.placeholder.com/400x400?text=No+Image']
MOTOR CHANA 2KG,['https://via.placeholder.com/400x400?text=No+Image']
MOTOR CHANA 500GM,['https://via.placeholder.com/400x400?text=No+Image']
MTR seviyan MRP 55,['https://via.placeholder.com/400x400?text=No+Image']
"MUESLI FRUIT,NUT&SEEDS MRP199",['https://via.placeholder.com/400x400?text=No+Image']
MUESLI NO ADDED SUGAR 500G MRP395,['https://via.placeholder.com/400x400?text=No+Image']
MUESLI NUT DELIGHT 500G MRP385,['https://via.placeholder.com/400x400?text=No+Image']
NAMERI 100G TEA,['https://via.placeholder.com/400x400?text=No+Image']
NAMERI SPECIAL TEA 250GM,['https://via.placeholder.com/400x400?text=No+Image']
NAMERI TEA 250GM,['https://via.placeholder.com/400x400?text=No+Image']
NAN PRO FOLLOW-UP FORMULA POWDER,['https://via.placeholder.com/400x400?text=No+Image']
NATARAJ WOOD PENCIL,['https://via.placeholder.com/400x400?text=No+Image']
NAVARATAN 180ML MRP 155,['https://via.placeholder.com/400x400?text=No+Image']
NAVARATAN 45ML  MRP 47,['https://via.placeholder.com/400x400?text=No+Image']
NAVARATAN 90ML MRP90,['https://via.placeholder.com/400x400?text=No+Image']
NAVARATAN POWDER 100G MRP 110,['https://via.placeholder.com/400x400?text=No+Image']
NAVRATNA AYURVEDIC OIL 270ML,['https://via.placeholder.com/400x400?text=No+Image']
NAVRATNA AYURVEDIC OIL 450ML,['https://via.placeholder.com/400x400?text=No+Image']
NAVRATNA COOL POWDER 400GM,['https://via.placeholder.com/400x400?text=No+Image']
NAVRATNA COOL POWDER MRP55,['https://via.placeholder.com/400x400?text=No+Image']
NEEM KANTI SHOP 150GM,['https://via.placeholder.com/400x400?text=No+Image']
NEETA HAIR HENNA MRP30,['https://via.placeholder.com/400x400?text=No+Image']
NEETA HAIR HENNA MRP80,['https://via.placeholder.com/400x400?text=No+Image']
NEETA MEHENDI MRP10,['https://via.placeholder.com/400x400?text=No+Image']
NEMKI,['https://via.placeholder.com/400x400?text=No+Image']
NEPTHOLINE TOILET,['https://via.placeholder.com/400x400?text=No+Image']
NESCAFE CLASSIC 24GM,['https://via.placeholder.com/400x400?text=No+Image']
NESTUM STAGE 2 RICE VEG,['https://via.placeholder.com/400x400?text=No+Image']
NESTUM STAGE 3 RICE FRUITS,['https://via.placeholder.com/400x400?text=No+Image']
NIBBLES 150G MRP60,['https://via.placeholder.com/400x400?text=No+Image']
NIHAR 100ML MRP42,['https://via.placeholder.com/400x400?text=No+Image']
NIHAR 200ML MRP88,['https://via.placeholder.com/400x400?text=No+Image']
NIMBU FRESH 200ML MRP20,['https://via.placeholder.com/400x400?text=No+Image']
NISHA ARGAN SERUM 55ML MRP,['https://via.placeholder.com/400x400?text=No+Image']
NISHA PRO-VITAMIN SERUM 55ML,['https://via.placeholder.com/400x400?text=No+Image']
NIVIA SOFT CREAM 50ML,['https://via.placeholder.com/400x400?text=No+Image']
NO1 CHANA DAL 1KG,['https://via.placeholder.com/400x400?text=No+Image']
NO1 CHANA DAL 250GM,['https://via.placeholder.com/400x400?text=No+Image']
NO1 CHANA DAL 500G,['https://via.placeholder.com/400x400?text=No+Image']
NO1 GOTA MOONG 1KG,['https://via.placeholder.com/400x400?text=No+Image']
NO1 GOTA MOONG 500G,['https://via.placeholder.com/400x400?text=No+Image']
NO1 MAHOOR DAL 1KG,['https://via.placeholder.com/400x400?text=No+Image']
NO1 MAHOOR DAL 250G,['https://via.placeholder.com/400x400?text=No+Image']
NO1 MAHOOR DAL 500G,['https://via.placeholder.com/400x400?text=No+Image']
NO1 MOONG DAL 1KG,['https://via.placeholder.com/400x400?text=No+Image']
NO1 MOONG DAL 250G,['https://via.placeholder.com/400x400?text=No+Image']
NO1 MOONG DAL 2KG,['https://via.placeholder.com/400x400?text=No+Image']
NO1 MOONG DAL 500G,['https://via.placeholder.com/400x400?text=No+Image']
NO1 MOTA SUGAR 500G,['https://via.placeholder.com/400x400?text=No+Image']
NO1 SUGAR 500GM,['https://via.placeholder.com/400x400?text=No+Image']
NO1 SWASTIC RICE 1KG,['https://via.placeholder.com/400x400?text=No+Image']
NO1 SWASTIC RICE 2KG,['https://via.placeholder.com/400x400?text=No+Image']
NO1 SWASTIK MURI 180G,['https://via.placeholder.com/400x400?text=No+Image']
NON POLISH MOOG DAL 1KG,['https://via.placeholder.com/400x400?text=No+Image']
NON POLISH MOOG DAL 2KG,['https://via.placeholder.com/400x400?text=No+Image']
NON POLISH MOOG DAL 500GM,['https://via.placeholder.com/400x400?text=No+Image']
NOODIES YU..MMMY 200G MRP25,['https://via.placeholder.com/400x400?text=No+Image']
NR PISTA 100GM,['https://via.placeholder.com/400x400?text=No+Image']
NUTRAJ DATES 500GM,['https://via.placeholder.com/400x400?text=No+Image']
NUTRELA SOYA CHUNKS MRP10,['https://via.placeholder.com/400x400?text=No+Image']
NUTRELA SOYA MINI CHUNKS 200GM,['https://via.placeholder.com/400x400?text=No+Image']
NYARA POHA 500G,['https://via.placeholder.com/400x400?text=No+Image']
OATS 1KG MRP260,['https://via.placeholder.com/400x400?text=No+Image']
OATS 400GM MRP87,['https://via.placeholder.com/400x400?text=No+Image']
OATS&RAISINS COOKIES MRP30,['https://via.placeholder.com/400x400?text=No+Image']
OB CDBACFS6+2SW FREE MRP180,['https://via.placeholder.com/400x400?text=No+Image']
OB CRISSCROSS ANTIPLAQ NEEM B2G2B MED MRP 160,['https://via.placeholder.com/400x400?text=No+Image']
OB CRISSCROSS RS50 6+2CD MEDIUM MRP300,['https://via.placeholder.com/400x400?text=No+Image']
OB CRISSEROSS RS50 3S MRP 120,['https://via.placeholder.com/400x400?text=No+Image']
OB KIDS CHOTA BHEEM HC MRP225,['https://via.placeholder.com/400x400?text=No+Image']
OB KIDS TOM&JERRY1S MRP79,['https://via.placeholder.com/400x400?text=No+Image']
OB PH BASEMED M MRP80,['https://via.placeholder.com/400x400?text=No+Image']
OB PROPLIN BRUSH,['https://via.placeholder.com/400x400?text=No+Image']
OB SENS CERE 5S PACK MRP135,['https://via.placeholder.com/400x400?text=No+Image']
OB SENS UT MRP85,['https://via.placeholder.com/400x400?text=No+Image']
OB SENS WHITE B2G2 MRP160,['https://via.placeholder.com/400x400?text=No+Image']
OB SENS WHITENING MRP60,['https://via.placeholder.com/400x400?text=No+Image']
OB SENSETIVE BRUSH,['https://via.placeholder.com/400x400?text=No+Image']
ODONIL JASMINE MIST MRP59,['https://via.placeholder.com/400x400?text=No+Image']
ODONIL LAVENDER MRP59,['https://via.placeholder.com/400x400?text=No+Image']
ODONIL MYSTIC ROSE MRP59,['https://via.placeholder.com/400x400?text=No+Image']
ODONIL ORCHID DEW MRP59,['https://via.placeholder.com/400x400?text=No+Image']
ODONIL ROOM FRESHNER 220ML MRP169,['https://via.placeholder.com/400x400?text=No+Image']
ODONIL SET 200G MRP205,['https://via.placeholder.com/400x400?text=No+Image']
OLAY NA IGF 40G,['https://via.placeholder.com/400x400?text=No+Image']
OMANI KHEJUR MRP 220,['https://via.placeholder.com/400x400?text=No+Image']
ORAL-B TOM&JERRY BRUSH,['https://via.placeholder.com/400x400?text=No+Image']
ORANGE RASNA 750GM,['https://via.placeholder.com/400x400?text=No+Image']
ORSL LIQUID MRP25,['https://via.placeholder.com/400x400?text=No+Image']
ORSL PLUS LIQUID MRP45,['https://via.placeholder.com/400x400?text=No+Image']
OURA A MBIENT BOUQUET 220ML MRP169,['https://via.placeholder.com/400x400?text=No+Image']
OURA AMBIENT FRA GC MIST 220ML MRP169,['https://via.placeholder.com/400x400?text=No+Image']
OURA AMBIENT MELODY 220ML MRP169,['https://via.placeholder.com/400x400?text=No+Image']
OURA ANBIENT T PARADIS 220ML MRP169,['https://via.placeholder.com/400x400?text=No+Image']
PALAK AGARBATTI,['https://via.placeholder.com/400x400?text=No+Image']
PARACHUTE GOLD 90ML,['https://via.placeholder.com/400x400?text=No+Image']
PARANJALI HONEY 500GM,['https://via.placeholder.com/400x400?text=No+Image']
PARLE-G CHAKKI ATTA 1KG,['https://via.placeholder.com/400x400?text=No+Image']
PARLE-G CHAKKI ATTA 5KG,['https://via.placeholder.com/400x400?text=No+Image']
PASHUPATI REFINED OIL 1LTR,['https://via.placeholder.com/400x400?text=No+Image']
PASPURN 40GM MRP 15,['https://via.placeholder.com/400x400?text=No+Image']
PASTA BALK MRP40,['https://via.placeholder.com/400x400?text=No+Image']
PASTA MASALA MRP5,['https://via.placeholder.com/400x400?text=No+Image']
PATANJALI COW GHEE 200ML,['https://via.placeholder.com/400x400?text=No+Image']
PATANJALI DOODH BISCUITS MRP40,['https://via.placeholder.com/400x400?text=No+Image']
PATANJALI HONEY 100GM,['https://via.placeholder.com/400x400?text=No+Image']
PATANJALI HONEY 250GM,['https://via.placeholder.com/400x400?text=No+Image']
PATANJALI NEEM FACE WASH 60GM,['https://via.placeholder.com/400x400?text=No+Image']
PATANJALI NEEM SOAP MRP10,['https://via.placeholder.com/400x400?text=No+Image']
PATANJALI REFINED OIL 1LTR,['https://via.placeholder.com/400x400?text=No+Image']
PBB SERM IN CRM POFF 15G,['https://via.placeholder.com/400x400?text=No+Image']
PBB SERUM CREAM POFF 34G,['https://via.placeholder.com/400x400?text=No+Image']
PBB SRMCRM 23G POFF,['https://via.placeholder.com/400x400?text=No+Image']
PDS AM DRC12G,['https://via.placeholder.com/400x400?text=No+Image']
PDS SUNGEL SPF35 15G,['https://via.placeholder.com/400x400?text=No+Image']
PEARS OIL CLEAR 75GM MRP 63,['https://via.placeholder.com/400x400?text=No+Image']
PEARS PURE G 75G,['https://via.placeholder.com/400x400?text=No+Image']
PEARS PURE G FACEWASH,['https://via.placeholder.com/400x400?text=No+Image']
PEARS SOAP 60G,['https://via.placeholder.com/400x400?text=No+Image']
PEDIASURE CH 400GM MRP840,['https://via.placeholder.com/400x400?text=No+Image']
PEDIASURE V 375GM MRP 840,['https://via.placeholder.com/400x400?text=No+Image']
PEDIASURE V MRP 455,['https://via.placeholder.com/400x400?text=No+Image']
PENCIL BATTERY MRP18,['https://via.placeholder.com/400x400?text=No+Image']
PENCIL BATTERY S.MRP18,['https://via.placeholder.com/400x400?text=No+Image']
PENTONIC PEN,['https://via.placeholder.com/400x400?text=No+Image']
PEP FIGHTER+SOFT TB 12 TRADE OFFER,['https://via.placeholder.com/400x400?text=No+Image']
PEP GC ACT 39G,['https://via.placeholder.com/400x400?text=No+Image']
PEP TP 12HR GC AGNI 100G,['https://via.placeholder.com/400x400?text=No+Image']
PEP WHITENING TP 80G,['https://via.placeholder.com/400x400?text=No+Image']
PEPSI 2.25ML MRP100,['https://via.placeholder.com/400x400?text=No+Image']
PEPSI 750ML MRP40,['https://via.placeholder.com/400x400?text=No+Image']
PEPSODENT V CLEAN TB MED,['https://via.placeholder.com/400x400?text=No+Image']
PHENEOL BENGAL 450ML,['https://via.placeholder.com/400x400?text=No+Image']
PISTANO SEWEI,['https://via.placeholder.com/400x400?text=No+Image']
PNDS BB UT DTOX CHRCOL FW 100G,['https://via.placeholder.com/400x400?text=No+Image']
PNDS BTY ULT CLARITY 50G,['https://via.placeholder.com/400x400?text=No+Image']
PNDS HY MR SUP LT GL 50ML,['https://via.placeholder.com/400x400?text=No+Image']
PNDS UT DTOX 50G,['https://via.placeholder.com/400x400?text=No+Image']
PNTN DR 180ML MRP 189,['https://via.placeholder.com/400x400?text=No+Image']
PNTN DR 75ML MRP 75,['https://via.placeholder.com/400x400?text=No+Image']
PNTN SS 90ML MRP 79,['https://via.placeholder.com/400x400?text=No+Image']
POND S BRIGHT BEAUTY FW 100G,['https://via.placeholder.com/400x400?text=No+Image']
PONDS AG MR WR CR DY CR SPF15 PA++ 20G,['https://via.placeholder.com/400x400?text=No+Image']
PONDS AM DRC SPF 35G,['https://via.placeholder.com/400x400?text=No+Image']
PONDS BB+ CREAM IVORY 18G,['https://via.placeholder.com/400x400?text=No+Image']
PONDS BB+ CREAM NATURAL 9G,['https://via.placeholder.com/400x400?text=No+Image']
PONDS DF TAL PWD 50GM,['https://via.placeholder.com/400x400?text=No+Image']
PONDS MGK TAL 50GM,['https://via.placeholder.com/400x400?text=No+Image']
PONDS SNDL TAL 100GM,['https://via.placeholder.com/400x400?text=No+Image']
PONDS SNDL TAL 50GM,['https://via.placeholder.com/400x400?text=No+Image']
PONDS SUN MIRACLE MRP 249,['https://via.placeholder.com/400x400?text=No+Image']
PONDS SUNGEL 50G,['https://via.placeholder.com/400x400?text=No+Image']
PONDS YOUTHFUL MIRACLE 50GM,['https://via.placeholder.com/400x400?text=No+Image']
PR MASOOR DAL 2KG,['https://via.placeholder.com/400x400?text=No+Image']
PR MASOOR DAL 500G,['https://via.placeholder.com/400x400?text=No+Image']
PREDATOR ENERGY 250ML MRP30,['https://via.placeholder.com/400x400?text=No+Image']
PRILL LQD 225ML,['https://via.placeholder.com/400x400?text=No+Image']
PRIME CUSTARD POWDER 100GM,['https://via.placeholder.com/400x400?text=No+Image']
PRINGLES POTATO CRISPS ORIGIL 40G MRP60,['https://via.placeholder.com/400x400?text=No+Image']
PRINGLES POTATO SR CR ONION 40G MRP60,['https://via.placeholder.com/400x400?text=No+Image']
PUPLY ORANGE 200ML MRP20,['https://via.placeholder.com/400x400?text=No+Image']
PUROBI MILK 500ML,['https://via.placeholder.com/400x400?text=No+Image']
RAISINS KHISMIS 500GM,['https://via.placeholder.com/400x400?text=No+Image']
RAJBHOG KAJU MRP149,['https://via.placeholder.com/400x400?text=No+Image']
RAJDHANI POHA 500gm,['https://via.placeholder.com/400x400?text=No+Image']
RAJDHANI SUJJI 500GM,['https://via.placeholder.com/400x400?text=No+Image']
RAJMA 250GM,['https://via.placeholder.com/400x400?text=No+Image']
RAJMA 500GM,['https://via.placeholder.com/400x400?text=No+Image']
RAMSEL SWASTIK 26KG,['https://via.placeholder.com/400x400?text=No+Image']
RASMALAI KULFI MRP20,['https://via.placeholder.com/400x400?text=No+Image']
REAL MOUSUMBI 1LTR MRP130,['https://via.placeholder.com/400x400?text=No+Image']
REAL P.G 1LTR MRP130,['https://via.placeholder.com/400x400?text=No+Image']
RED LEBAL [A] POLYPD 100G,['https://via.placeholder.com/400x400?text=No+Image']
RED PANTS 2S MD MRP 25,['https://via.placeholder.com/400x400?text=No+Image']
RED PASTE 100G MRO72,['https://via.placeholder.com/400x400?text=No+Image']
RED ROSE 26KG,['https://via.placeholder.com/400x400?text=No+Image']
RED [BS]150ML MRP225,['https://via.placeholder.com/400x400?text=No+Image']
REVIVE LIQUID 200GM MRP81,['https://via.placeholder.com/400x400?text=No+Image']
REVIVE LIQUID 95GM MRP38,['https://via.placeholder.com/400x400?text=No+Image']
REX BAKING POWDER 100G,['https://via.placeholder.com/400x400?text=No+Image']
RICH MARIE 280GM 20]MRP 40,['https://via.placeholder.com/400x400?text=No+Image']
RICH MARIE BROWN 75GM 48] MRP10,['https://via.placeholder.com/400x400?text=No+Image']
RIDHI SIDHI RICE 26KG,['https://via.placeholder.com/400x400?text=No+Image']
RIN ALA 500ML,['https://via.placeholder.com/400x400?text=No+Image']
RIPURAJ BASMATI 500GM,['https://via.placeholder.com/400x400?text=No+Image']
RIPURAJ JOHA 26 KG,['https://via.placeholder.com/400x400?text=No+Image']
RIPURAJ SAKTI JEERA 26KG,['https://via.placeholder.com/400x400?text=No+Image']
RIPURAJ SONA SAKTI 20KG,['https://via.placeholder.com/400x400?text=No+Image']
RL NC A [C] 4 PANEL 250G,['https://via.placeholder.com/400x400?text=No+Image']
RL NC [C] 4 PANEL 100G,['https://via.placeholder.com/400x400?text=No+Image']
ROBIN LIQ. 150ML MRP 63,['https://via.placeholder.com/400x400?text=No+Image']
ROHO DAIL 1KG,['https://via.placeholder.com/400x400?text=No+Image']
ROHO DAIL 250GM,['https://via.placeholder.com/400x400?text=No+Image']
ROHO DAIL 2KG,['https://via.placeholder.com/400x400?text=No+Image']
ROHO DAIL 500GM,['https://via.placeholder.com/400x400?text=No+Image']
ROHOR DALI 250GM,['https://via.placeholder.com/400x400?text=No+Image']
ROHOR DALI 500GM,['https://via.placeholder.com/400x400?text=No+Image']
RUCHI DALIYA 1KG,['https://via.placeholder.com/400x400?text=No+Image']
RUCHI DALIYA 300G,['https://via.placeholder.com/400x400?text=No+Image']
RUCHI DALIYA 300GM MRP50,['https://via.placeholder.com/400x400?text=No+Image']
RUCHI DALIYA WHEAT 300GM,['https://via.placeholder.com/400x400?text=No+Image']
RUCHI SUJI 500G,['https://via.placeholder.com/400x400?text=No+Image']
RUCHIGOLD REFINE 770G,['https://via.placeholder.com/400x400?text=No+Image']
RUST 200G MRP 35,['https://via.placeholder.com/400x400?text=No+Image']
S. ANTIDANDRUFF 180ML,['https://via.placeholder.com/400x400?text=No+Image']
S. REETHA 200ML,['https://via.placeholder.com/400x400?text=No+Image']
S.B.BREAD 35,['https://via.placeholder.com/400x400?text=No+Image']
SADABHAR GOLD ASSAM TEA 100GM,['https://via.placeholder.com/400x400?text=No+Image']
SAFFOLA GOLD 1LTR MRP185,['https://via.placeholder.com/400x400?text=No+Image']
SAFFOLA MSLA OATS 500GM MRP220,['https://via.placeholder.com/400x400?text=No+Image']
SAJEEB GHEE TOAST 210GM MRP 50,['https://via.placeholder.com/400x400?text=No+Image']
SAL DHUNA 100GM,['https://via.placeholder.com/400x400?text=No+Image']
SAMIRAN GREEN TEA,['https://via.placeholder.com/400x400?text=No+Image']
SAMIRAN TEA 250GM,['https://via.placeholder.com/400x400?text=No+Image']
SARMA AIJONG RICE 26KG,['https://via.placeholder.com/400x400?text=No+Image']
SAVLON HN 200ML MRP99,['https://via.placeholder.com/400x400?text=No+Image']
SAVLON MOISTURE 200ML MRP 99,['https://via.placeholder.com/400x400?text=No+Image']
SAVOUR MACARONI MRP10,['https://via.placeholder.com/400x400?text=No+Image']
SAVOUR PASTA MRP10,['https://via.placeholder.com/400x400?text=No+Image']
SB FRUIT CAKE MRP90,['https://via.placeholder.com/400x400?text=No+Image']
SCRAF SSL,['https://via.placeholder.com/400x400?text=No+Image']
SENSODYNE FRESH GEL MRP140,['https://via.placeholder.com/400x400?text=No+Image']
SENSODYNE FRESH MINT MRP140,['https://via.placeholder.com/400x400?text=No+Image']
SET WET GEL 50ML MRP50,['https://via.placeholder.com/400x400?text=No+Image']
SF FARMLITE DIG HIGH FIBRE [A],['https://via.placeholder.com/400x400?text=No+Image']
SF FARMLITE DIG HIGH FIBRE [B],['https://via.placeholder.com/400x400?text=No+Image']
SF FARMLITE OATSANDRAISNS,['https://via.placeholder.com/400x400?text=No+Image']
SF GOLD TAB 100TAB MRP80,['https://via.placeholder.com/400x400?text=No+Image']
SF GOLD TAB 50P MRP40,['https://via.placeholder.com/400x400?text=No+Image']
SF MOMS MAGIC CASW&ALMD,['https://via.placeholder.com/400x400?text=No+Image']
SF MOMS MAGIC RCHBTR,['https://via.placeholder.com/400x400?text=No+Image']
SF WOWZERS CHEESE,['https://via.placeholder.com/400x400?text=No+Image']
SFXL 500G,['https://via.placeholder.com/400x400?text=No+Image']
SFXL EW POWDER ORJHA+BIHAR BVI 75G,['https://via.placeholder.com/400x400?text=No+Image']
SFXL MATIC LQD 1LTR,['https://via.placeholder.com/400x400?text=No+Image']
SHAHI GARAM MASALA 25G MRP 70,['https://via.placeholder.com/400x400?text=No+Image']
SHAIKH B. KATA MRP45,['https://via.placeholder.com/400x400?text=No+Image']
SHAIKH BROTHERS KATA 40,['https://via.placeholder.com/400x400?text=No+Image']
SHALIMAR COCONUT 160ML,['https://via.placeholder.com/400x400?text=No+Image']
SHALIMAR COCONUT OIL 25ML,['https://via.placeholder.com/400x400?text=No+Image']
SHALIMAR M OIL 1LTR POUCH,['https://via.placeholder.com/400x400?text=No+Image']
SHALIMAR M OIL 500ML POUCH,['https://via.placeholder.com/400x400?text=No+Image']
SHALIMAR MUSTARD OIL[BTL]500ML,['https://via.placeholder.com/400x400?text=No+Image']
SHALIMAR SOYABEAN REFINE OIL 1LR,['https://via.placeholder.com/400x400?text=No+Image']
SHALIMAR SUN FLOWER OIL  1LTR POUCH,['https://via.placeholder.com/400x400?text=No+Image']
SHILING JARU,['https://via.placeholder.com/400x400?text=No+Image']
SHRIGANGA PAPAD,['https://via.placeholder.com/400x400?text=No+Image']
SIMI MT1 MRP 600,['https://via.placeholder.com/400x400?text=No+Image']
SIMI MT2 MRP600,['https://via.placeholder.com/400x400?text=No+Image']
SIMI MT3 400GM MRP600,['https://via.placeholder.com/400x400?text=No+Image']
SIMI MT4 400GM MRP600,['https://via.placeholder.com/400x400?text=No+Image']
SO SWEET BUTTER 150G 30] MRP45,['https://via.placeholder.com/400x400?text=No+Image']
SO SWEET COCONUT 200GM 30] MRP40,['https://via.placeholder.com/400x400?text=No+Image']
SOAP COMBI 125G MRP 195,['https://via.placeholder.com/400x400?text=No+Image']
SOAP COMBI 75G MRP 120,['https://via.placeholder.com/400x400?text=No+Image']
SOAP COMBO 75GM MRP96,['https://via.placeholder.com/400x400?text=No+Image']
SOAP ULTRA SENSUAL 75GM MRP40,['https://via.placeholder.com/400x400?text=No+Image']
SOHUM REFINED OIL 500ML,['https://via.placeholder.com/400x400?text=No+Image']
SONA BESAN 200G,['https://via.placeholder.com/400x400?text=No+Image']
SONA BIRIYANI PULAW 50G,['https://via.placeholder.com/400x400?text=No+Image']
SONA BLACK PEPPER 50GM,['https://via.placeholder.com/400x400?text=No+Image']
SONA CHAT MASALA 50G,['https://via.placeholder.com/400x400?text=No+Image']
SONA CHICKEN MASALA 50GM,['https://via.placeholder.com/400x400?text=No+Image']
SONA CHIKEN MASALA 50G,['https://via.placeholder.com/400x400?text=No+Image']
SONA DHANIA 50G,['https://via.placeholder.com/400x400?text=No+Image']
SONA DHANIA POWDER 500GM,['https://via.placeholder.com/400x400?text=No+Image']
SONA FISH MASALA 50G,['https://via.placeholder.com/400x400?text=No+Image']
SONA GARAM MASALA 50G,['https://via.placeholder.com/400x400?text=No+Image']
SONA HALDI 200G,['https://via.placeholder.com/400x400?text=No+Image']
SONA HALDI 500G,['https://via.placeholder.com/400x400?text=No+Image']
SONA HALDI 50G,['https://via.placeholder.com/400x400?text=No+Image']
SONA HALDI POWDER 500GM,['https://via.placeholder.com/400x400?text=No+Image']
SONA JEERA 500G,['https://via.placeholder.com/400x400?text=No+Image']
SONA JEERA POWDER 100GM,['https://via.placeholder.com/400x400?text=No+Image']
SONA JEERA POWDER 50GM,['https://via.placeholder.com/400x400?text=No+Image']
SONA KASHMIRI MIRCH 100GM,['https://via.placeholder.com/400x400?text=No+Image']
SONA KASMIRI 50G,['https://via.placeholder.com/400x400?text=No+Image']
SONA KASURI METHI 25GM,['https://via.placeholder.com/400x400?text=No+Image']
SONA LAL MIRCH 50G,['https://via.placeholder.com/400x400?text=No+Image']
SONA RED CHILLI POWDER 500GM,['https://via.placeholder.com/400x400?text=No+Image']
SONA RED CHILLI POWDER 50GM,['https://via.placeholder.com/400x400?text=No+Image']
SONA SABJI MASALA 50G,['https://via.placeholder.com/400x400?text=No+Image']
SONA SAHI PANEER 50G,['https://via.placeholder.com/400x400?text=No+Image']
SONA SHAKTI SPCL RICE 1KG,['https://via.placeholder.com/400x400?text=No+Image']
SONA SHAKTI SPCL RICE 26KG,['https://via.placeholder.com/400x400?text=No+Image']
SONA SHAKTI SPCL RICE 2KG,['https://via.placeholder.com/400x400?text=No+Image']
SONI LILY CLIP,['https://via.placeholder.com/400x400?text=No+Image']
SONI RAJNIGANDHA CLIP,['https://via.placeholder.com/400x400?text=No+Image']
SONI ROSE CLIP,['https://via.placeholder.com/400x400?text=No+Image']
SP EDGE 30ML MRP249,['https://via.placeholder.com/400x400?text=No+Image']
SP FOREST SPICE 30ML MRP249,['https://via.placeholder.com/400x400?text=No+Image']
SP HE EDP 30ML MRP249,['https://via.placeholder.com/400x400?text=No+Image']
SP PERFUME COMBO MRP649,['https://via.placeholder.com/400x400?text=No+Image']
SP ROMANCE PERFUME 100ML MRP699,['https://via.placeholder.com/400x400?text=No+Image']
SP ULTRA SENSUAL 100ML MRP649,['https://via.placeholder.com/400x400?text=No+Image']
SP ULTRA SENSUAL 30ML MRP249,['https://via.placeholder.com/400x400?text=No+Image']
SPCL BOOT 250GM,['https://via.placeholder.com/400x400?text=No+Image']
SPCL BOOT 500GM,['https://via.placeholder.com/400x400?text=No+Image']
SPCL POHA 500GM,['https://via.placeholder.com/400x400?text=No+Image']
SPCL SATTU 1KG,['https://via.placeholder.com/400x400?text=No+Image']
SPCL SATTU 250GM,['https://via.placeholder.com/400x400?text=No+Image']
SPCL SATTU 500GM,['https://via.placeholder.com/400x400?text=No+Image']
SPL HAIR OIL 100ML MRP60,['https://via.placeholder.com/400x400?text=No+Image']
SPL HAIR OIL 200ML MRP115,['https://via.placeholder.com/400x400?text=No+Image']
SPLCES KALA JEERA MRP 10,['https://via.placeholder.com/400x400?text=No+Image']
SPRITE 2.25L MRP100,['https://via.placeholder.com/400x400?text=No+Image']
SPRITE 250ML MRP20,['https://via.placeholder.com/400x400?text=No+Image']
SPRITE 750ML MRP40,['https://via.placeholder.com/400x400?text=No+Image']
SS ONION&JOJOBA SHMP 195ML,['https://via.placeholder.com/400x400?text=No+Image']
SS ONION&JOJOBA SHMP 370ML,['https://via.placeholder.com/400x400?text=No+Image']
SS RZR MRP 49,['https://via.placeholder.com/400x400?text=No+Image']
ST AFFAI[BS]150ML MRP220,['https://via.placeholder.com/400x400?text=No+Image']
ST MYSTERY [BS]150ML MRP220,['https://via.placeholder.com/400x400?text=No+Image']
ST PERFUME COMBO MRP649,['https://via.placeholder.com/400x400?text=No+Image']
ST ROMA NCE[BS]150ML MRP220,['https://via.placeholder.com/400x400?text=No+Image']
ST ROMANCE SOAP 75G MRP37,['https://via.placeholder.com/400x400?text=No+Image']
ST RZR MRP 125,['https://via.placeholder.com/400x400?text=No+Image']
ST SOAP PINK 75G MRP37,['https://via.placeholder.com/400x400?text=No+Image']
STD HLX IRON JAR 1KG EAST,['https://via.placeholder.com/400x400?text=No+Image']
STEEL SCRUBBER MRP30,['https://via.placeholder.com/400x400?text=No+Image']
STING MRP 20,['https://via.placeholder.com/400x400?text=No+Image']
STREAX PRO SERUM 45ML,['https://via.placeholder.com/400x400?text=No+Image']
STREAX SERUM 45ML,['https://via.placeholder.com/400x400?text=No+Image']
STRENGTH PLUS VANILLA BIB 350G,['https://via.placeholder.com/400x400?text=No+Image']
SUGAR FREE CREAM CRACKER 300GM 20] MRP50,['https://via.placeholder.com/400x400?text=No+Image']
SUNFEAST MARIE LGT ACTIVE,['https://via.placeholder.com/400x400?text=No+Image']
SUNFEAST MARIE LGT ACTIVE [B],['https://via.placeholder.com/400x400?text=No+Image']
SUNRISE PASTA MASALA,['https://via.placeholder.com/400x400?text=No+Image']
SUNRISE SHAHI GARAM MASALA 4GM,['https://via.placeholder.com/400x400?text=No+Image']
SUNSILK LSLY THK&LNG SHP 360ML,['https://via.placeholder.com/400x400?text=No+Image']
SUNSILK LUSY T&L NR CONDITIONER 180ML,['https://via.placeholder.com/400x400?text=No+Image']
SUNSILK NOUR S&S SHP 360ML,['https://via.placeholder.com/400x400?text=No+Image']
SUNSILK NOURSH S&SSH 180ML,['https://via.placeholder.com/400x400?text=No+Image']
SUNSILK NR SOFT & SMOOTH COND 180ML,['https://via.placeholder.com/400x400?text=No+Image']
SUNSILK S BLACK SHINE SHP 360ML,['https://via.placeholder.com/400x400?text=No+Image']
SUNSILK SUPER SHINE SERUM 20ML,['https://via.placeholder.com/400x400?text=No+Image']
SUNSUPER TOOTHPICK,['https://via.placeholder.com/400x400?text=No+Image']
SUPAR FLEXI 11+2 ZZ MRP 220,['https://via.placeholder.com/400x400?text=No+Image']
SURF EXCEL EW D LQD 1LTR,['https://via.placeholder.com/400x400?text=No+Image']
SURF EXCEL MATIC 1LTR,['https://via.placeholder.com/400x400?text=No+Image']
SUTHOL CHANDAN 100ML,['https://via.placeholder.com/400x400?text=No+Image']
SUTHOL NEEM SPRAY 100ML,['https://via.placeholder.com/400x400?text=No+Image']
SWASTIC NO1 1KG,['https://via.placeholder.com/400x400?text=No+Image']
SWASTIC NO1 2KG,['https://via.placeholder.com/400x400?text=No+Image']
SWASTIC RAMSEL 1KG,['https://via.placeholder.com/400x400?text=No+Image']
SWASTIK BARPETIA 26KG,['https://via.placeholder.com/400x400?text=No+Image']
SWASTIK JEERA RICE 26KG,['https://via.placeholder.com/400x400?text=No+Image']
SWASTIK MARKA 26KG,['https://via.placeholder.com/400x400?text=No+Image']
TAL MISHREE 100GM,['https://via.placeholder.com/400x400?text=No+Image']
TANGOO CH,['https://via.placeholder.com/400x400?text=No+Image']
TATA LITE SALT 1KG,['https://via.placeholder.com/400x400?text=No+Image']
TEA CHEKNA,['https://via.placeholder.com/400x400?text=No+Image']
TEDHE MEDHE 75GM MRP20,['https://via.placeholder.com/400x400?text=No+Image']
TETLEY BEAUTY CARE,['https://via.placeholder.com/400x400?text=No+Image']
TETLEY GREEN TEA SLIM CARE,['https://via.placeholder.com/400x400?text=No+Image']
THIN FAM 295G MRP 45,['https://via.placeholder.com/400x400?text=No+Image']
THUMS UP 250ML MRP20,['https://via.placeholder.com/400x400?text=No+Image']
TIC TAC SPEARMINT,['https://via.placeholder.com/400x400?text=No+Image']
TIDE BLUE BAR 250G MRP 30,['https://via.placeholder.com/400x400?text=No+Image']
TIDE DETERGENT MRP10,['https://via.placeholder.com/400x400?text=No+Image']
TIDE FC 1KG E MRP 86,['https://via.placeholder.com/400x400?text=No+Image']
TIDE JR 500G E FOP MRP 55,['https://via.placeholder.com/400x400?text=No+Image']
TIDE JR 5KG BKT A MRP 695,['https://via.placeholder.com/400x400?text=No+Image']
TIDE SHS JR 1KG E MRP 110,['https://via.placeholder.com/400x400?text=No+Image']
TIDE WHITE BAR MRP10,['https://via.placeholder.com/400x400?text=No+Image']
TOILET BRW MRP 105,['https://via.placeholder.com/400x400?text=No+Image']
TOILET BRW MRP 80,['https://via.placeholder.com/400x400?text=No+Image']
TOP GOLD 200G 48]MRP35,['https://via.placeholder.com/400x400?text=No+Image']
TOP HERBS 200G 30] MRP 40,['https://via.placeholder.com/400x400?text=No+Image']
TOW IN ONE CONE MRP20,['https://via.placeholder.com/400x400?text=No+Image']
TREAT 51G MRP 10,['https://via.placeholder.com/400x400?text=No+Image']
TRES HAIR FALL DEFENSE PLUS SHMP 185ML,['https://via.placeholder.com/400x400?text=No+Image']
TRES HF DEFENSE PLUS COND 190ML,['https://via.placeholder.com/400x400?text=No+Image']
TRES HF DEFENSE PLUS COND 80ML,['https://via.placeholder.com/400x400?text=No+Image']
TRES HFD SHMP 340ML,['https://via.placeholder.com/400x400?text=No+Image']
TRES KERATIN SMOOTH SHMP 340ML,['https://via.placeholder.com/400x400?text=No+Image']
TRES KT STH COND 190ML,['https://via.placeholder.com/400x400?text=No+Image']
TRES LAMELLAR GLOSS SHMP 185ML,['https://via.placeholder.com/400x400?text=No+Image']
TRES SMOOTH & SH CONDITIONER 190ML,['https://via.placeholder.com/400x400?text=No+Image']
TRES SMOOTH SHINE PLUS SHMP 180ML,['https://via.placeholder.com/400x400?text=No+Image']
TSG[MST]60G MRP 99,['https://via.placeholder.com/400x400?text=No+Image']
TUKRI PAPAD,['https://via.placeholder.com/400x400?text=No+Image']
TWO IN ONE/VANILLA CUP MRP10,['https://via.placeholder.com/400x400?text=No+Image']
UJALA 75ML MRP35,['https://via.placeholder.com/400x400?text=No+Image']
UJALA COMFORT AURA 210ML,['https://via.placeholder.com/400x400?text=No+Image']
UJALA COMFORT BLISS 210ML,['https://via.placeholder.com/400x400?text=No+Image']
UJALA SUPREME 250ML,['https://via.placeholder.com/400x400?text=No+Image']
ULTRA SENSUAL POWDER 100GM,['https://via.placeholder.com/400x400?text=No+Image']
ULTRA SENSUAL TALC 400GM MRP330,['https://via.placeholder.com/400x400?text=No+Image']
ULTRA SENSUAL [BS] 150ML MRP225,['https://via.placeholder.com/400x400?text=No+Image']
UNIBIC FRUIT&NUT COOKIES,['https://via.placeholder.com/400x400?text=No+Image']
VANISH LIQ. 180ML MRP 78,['https://via.placeholder.com/400x400?text=No+Image']
VAPORUB 10GM MRP 48,['https://via.placeholder.com/400x400?text=No+Image']
VAPRUB 5GM MRP 25,['https://via.placeholder.com/400x400?text=No+Image']
VASELINE ALOE MRP115,['https://via.placeholder.com/400x400?text=No+Image']
VASELINE DEEP MRP90,['https://via.placeholder.com/400x400?text=No+Image']
VECTOR 2S MRP 95,['https://via.placeholder.com/400x400?text=No+Image']
VECTOR RZr MRP 99,['https://via.placeholder.com/400x400?text=No+Image']
VEDA DIGESTIVE BISCUIT MRP70,['https://via.placeholder.com/400x400?text=No+Image']
VEET CREAM 30G MRP 109,['https://via.placeholder.com/400x400?text=No+Image']
VEGETARIAN BYTZ 250GM,['https://via.placeholder.com/400x400?text=No+Image']
VETTA DAY MILK TOAST MRP 175,['https://via.placeholder.com/400x400?text=No+Image']
VICTOR MOP MRP 320,['https://via.placeholder.com/400x400?text=No+Image']
VIM BAR 160G,['https://via.placeholder.com/400x400?text=No+Image']
VIM BAR 70G,['https://via.placeholder.com/400x400?text=No+Image']
VIM BAR TUB 500G,['https://via.placeholder.com/400x400?text=No+Image']
VIM DRP GEL 250ML,['https://via.placeholder.com/400x400?text=No+Image']
VIM DRP GEL 500ML,['https://via.placeholder.com/400x400?text=No+Image']
VIM LQD 750ML,['https://via.placeholder.com/400x400?text=No+Image']
VITA MARIE GOLD MRP45,['https://via.placeholder.com/400x400?text=No+Image']
WHSPER ULTRA XXL MRP110,['https://via.placeholder.com/400x400?text=No+Image']
WHSPR CHOICE  XL 6S MRP 42,['https://via.placeholder.com/400x400?text=No+Image']
WHSPR CHOICE ULTRA 6S MRP50,['https://via.placeholder.com/400x400?text=No+Image']
WHSPR SOFT XL +6S MRP 90,['https://via.placeholder.com/400x400?text=No+Image']
WHSPR ULTRA  XL MRP90 G,['https://via.placeholder.com/400x400?text=No+Image']
WILKINSON SALOON,['https://via.placeholder.com/400x400?text=No+Image']
WIPER BRW MRP150,['https://via.placeholder.com/400x400?text=No+Image']
WIPER VOLVO MRP200,['https://via.placeholder.com/400x400?text=No+Image']
WOMEN HLX IRON JAR CARAMEL 400G,['https://via.placeholder.com/400x400?text=No+Image']
WOMEN HLX IRON JAR CHOCOLATE 400G,['https://via.placeholder.com/400x400?text=No+Image']
YIPPEE NOODLES MRP10,['https://via.placeholder.com/400x400?text=No+Image']
ZAHIDI DATES 500GM,['https://via.placeholder.com/400x400?text=No+Image']
ZIGGY DOUNT 47G MRP 200,['https://via.placeholder.com/400x400?text=No+Image']
ZIGGY DOUNT 47G PINK,['https://via.placeholder.com/400x400?text=No+Image']
ZZ 9+3 GSM MRP 270,['https://via.placeholder.com/400x400?text=No+Image']
